V,E,F,countbasetissues,basetissues,countatissues,atissues,countbtissues,btissues,from,to
11,10,7.94,1,2048,7,128512,9,511,73804786,73697595
72,98,7.48,1,32768,8,97808,7,239,121498193,121319699
46,59,7.35,1,256,9,130576,6,238,121502565,121165910
44,57,7.07,1,4,5,98315,10,32736,59203173,58982953
69,96,7.00,2,65552,7,65024,7,239,121495130,121165910
17,22,7.00,1,256,7,239,7,32272,18023048,18728553
67,95,7.00,2,69632,7,60944,7,239,121495130,121165910
68,95,7.00,2,73728,7,56848,7,239,121495130,121165910
67,95,7.00,2,81920,7,48656,7,239,121495130,121165910
15,19,6.93,1,2,4,228,12,130841,46631198,46609004
22,28,6.93,1,8192,8,17134,6,104465,47182052,46958382
44,72,6.71,2,16385,9,114448,5,206,134215410,134144114
14,22,6.71,1,1,5,174,9,130816,74306859,74109907
12,15,6.71,1,1,5,110,9,130576,73139025,73310512
35,45,6.71,2,65538,5,32797,9,32704,59244732,58409444
10,10,6.71,2,32800,5,65614,9,32529,5033061,4662773
10,10,6.71,2,32832,5,65582,9,32529,5033061,4662773
32,42,6.63,1,2,4,108,11,130960,73186178,73310512
39,45,6.63,1,4,4,106,11,130960,73083650,73375427
27,26,6.63,1,32,4,98496,11,32287,100799449,100559321
14,13,6.48,2,9,6,246,7,65024,16851279,17571646
15,18,6.48,1,1,7,494,6,24080,17989368,17755199
12,12,6.48,2,132,6,98379,7,32272,8279194,8614923
11,10,6.48,2,136,6,119,7,65024,16836580,17566156
49,97,6.48,2,528,7,130048,6,238,134221900,134144114
33,34,6.48,2,1040,7,129536,6,238,108525528,108366764
50,94,6.48,2,4112,7,126464,6,238,134118726,134201491
50,94,6.48,2,16400,7,114176,6,238,134212461,134144114
16,17,6.48,2,288,7,32384,6,65567,59433029,59436090
15,17,6.48,2,544,7,32128,6,65567,59375292,59436090
15,16,6.48,2,1056,7,31616,6,65567,59433029,59436090
15,17,6.48,2,2080,7,30592,6,65567,59375292,59436090
16,17,6.48,2,4128,7,28544,6,65567,59433029,59436090
15,16,6.48,2,8224,7,24448,6,65567,59433029,59436090
15,17,6.48,2,16416,7,16256,6,65567,59375292,59436090
12,12,6.48,2,65664,6,32847,7,32272,8279194,8614923
89,132,6.48,1,512,6,31760,7,239,121517681,121989626
89,128,6.48,1,1024,6,31248,7,239,121517681,121989626
10,9,6.48,1,4096,7,26216,6,98327,12921959,12398713
85,123,6.48,2,24576,6,73232,7,239,121517681,121989626
10,9,6.48,1,8192,7,24136,6,98327,12934724,12398713
11,10,6.48,1,32768,6,238,7,32272,64494514,64317466
37,47,6.32,2,9,4,98310,10,32736,59203173,58982953
43,71,6.32,3,2561,8,128272,5,206,134215410,134144114
45,72,6.32,3,4609,8,126224,5,206,134118726,134201491
45,73,6.32,3,8705,8,122128,5,206,134215410,134144114
43,69,6.32,3,5121,8,125712,5,206,134215410,134144114
44,68,6.32,3,33793,8,97040,5,206,134217432,134144114
44,69,6.32,3,34817,8,96016,5,206,134217432,134144114
45,69,6.32,3,36865,8,93968,5,206,134118726,134201491
38,47,6.32,2,65544,4,32775,10,32736,58935546,59436090
46,72,6.32,1,8,4,102,10,130832,64488483,64212142
40,60,6.32,3,2320,8,128513,5,206,134144114,134201491
52,89,6.32,2,32784,8,97793,5,206,134178981,134144114
32,38,6.32,2,160,4,78,10,130832,64479871,64212142
10,9,6.32,3,20736,5,77312,8,255,10837121,11864590
14,18,6.32,1,16384,8,8942,5,102417,46969205,47196853
10,9,6.24,1,64,3,98336,13,32671,76309485,76381197
34,46,6.00,2,3,4,98316,9,32704,59132138,60011367
33,50,6.00,2,5,4,98314,9,32656,8301324,8577414
15,19,6.00,2,130,6,365,6,24080,17989368,17755199
37,49,6.00,2,32770,4,65549,9,32704,58935546,59436090
16,16,6.00,1,2,4,105,9,130816,17566156,16968559
28,37,6.00,2,132,4,106,9,98064,64500240,64335905
22,26,6.00,1,4,3,224,12,130841,46631198,46609004
15,19,6.00,2,136,6,359,6,24080,17989368,17755199
41,40,6.00,2,528,6,64512,6,238,108525528,108366764
40,41,6.00,2,8208,6,56832,6,238,108525528,108366764
40,41,6.00,2,16400,6,48640,6,238,108525528,108366764
15,19,6.00,2,160,6,335,6,24080,17989368,17755199
27,37,6.00,1,32,9,130816,4,78,134138290,134201491
14,17,6.00,1,128,12,130865,3,76,134131712,134201491
10,11,6.00,4,3840,6,126977,6,238,45372119,45798717
28,33,6.00,3,33536,6,97280,6,238,17306572,20384984
11,12,6.00,4,7424,6,123393,6,238,43659123,43899267
24,31,6.00,1,512,6,238,6,104465,47182052,46958382
43,69,5.92,4,14337,7,116496,5,206,134118726,134201491
30,36,5.92,2,24,5,98311,7,23488,58935546,59436090
20,25,5.92,2,40,5,454,7,32272,18015991,17755199
13,13,5.92,2,136,5,98374,7,32272,8386181,8577414
34,33,5.92,2,2064,7,128512,5,110,108525528,108366764
88,125,5.92,2,8208,5,24064,7,239,121538775,122173277
31,30,5.92,2,65552,7,65024,5,110,108339517,108533394
13,13,5.92,2,192,5,98318,7,32272,8279194,8614923
19,27,5.92,1,64,5,302,7,32272,18003732,18128866
58,118,5.92,2,33024,7,97792,5,206,134045284,134217432
68,132,5.92,2,66560,7,64256,5,206,134220124,134144114
13,12,5.74,2,3,3,44,11,130960,110246049,110299511
13,12,5.74,2,9,3,38,11,130960,110303942,111751868
13,12,5.74,2,33,3,14,11,130960,110303942,111751868
23,26,5.74,2,32770,3,65545,11,32752,60388691,60260679
10,9,5.74,1,2,3,76,11,130833,56574006,55702877
10,9,5.74,3,4132,11,126920,3,19,77519217,78129218
10,9,5.74,3,4164,11,126888,3,19,77519217,78129218
10,9,5.74,3,36868,11,94184,3,19,77519217,78129218
36,42,5.74,1,64,3,38,11,130960,73083650,73375427
26,25,5.74,1,128,3,98336,11,32287,100799449,100559321
15,17,5.74,1,512,3,7168,11,98815,104596407,104774438
40,54,5.66,3,273,8,130560,4,78,134144114,134201491
31,42,5.66,2,17,4,98314,8,24512,59227464,58935546
39,55,5.66,3,769,8,130064,4,78,134217432,134144114
58,80,5.66,2,34,4,204,8,105745,47182052,46958382
16,18,5.66,2,258,8,25324,4,98321,46928343,47196853
41,54,5.66,1,2,4,172,8,97552,73882942,73697595
16,18,5.66,2,260,8,25322,4,98321,46928343,47196853
19,18,5.66,1,4,4,2152,8,103825,68351673,68857808
16,18,5.66,2,264,8,25318,4,98321,46928343,47196853
39,59,5.66,3,8464,8,122369,4,78,134217432,134144114
14,13,5.66,2,272,8,129537,4,78,108347153,108095235
11,12,5.66,2,528,4,29696,8,98415,59513552,59557930
15,14,5.66,1,16,4,78,8,130560,15854494,16631837
16,18,5.66,2,288,8,25294,4,98321,46928343,47196853
54,75,5.66,2,192,4,46,8,105745,47006653,47151382
16,18,5.66,2,320,8,25262,4,98321,46928343,47196853
16,18,5.66,2,384,8,25198,4,98321,46928343,47196853
100,351,5.66,2,4608,4,27648,8,255,61067243,61169135
11,10,5.48,1,1,5,110,6,117776,56885391,57094285
12,11,5.48,1,1,3,14,10,130944,15785244,16631837
29,35,5.48,2,18,5,98317,6,23360,59058836,59211967
38,65,5.48,2,36,3,200,10,128785,47805914,47869538
11,10,5.48,1,8,6,13920,5,98323,12934724,12398713
15,16,5.48,2,1040,5,78337,6,238,43664535,125495019
20,21,5.48,2,4112,6,91649,5,110,44562669,44328972
45,75,5.48,1,64,3,38,10,130832,64518882,64552016
10,9,5.48,2,640,10,130337,3,14,17373969,17531684
10,10,5.48,4,19712,6,111105,5,110,43659123,43899267
78,211,5.48,2,1280,5,31232,6,238,134218695,134144114
80,217,5.48,2,16640,5,15872,6,238,134218695,134144114
87,257,5.48,1,256,6,32256,5,157,60962100,60737063
69,153,5.48,2,33280,6,97280,5,206,134221900,134144114
72,154,5.48,2,66048,6,64512,5,206,134008380,133940650
11,14,5.48,2,17408,3,6656,10,66047,104557561,105893339
13,14,5.48,3,43008,5,71169,6,238,44086127,44630010
68,145,5.48,2,67584,6,62976,5,206,134220124,134144114
69,154,5.48,2,40960,6,89600,5,206,134221900,134144114
70,149,5.48,2,49152,6,81408,5,206,134221900,134144114
72,150,5.48,2,81920,6,48640,5,206,134220124,134144114
71,145,5.48,2,98304,6,32256,5,206,134217432,134144114
11,10,5.48,0,0,2,10,15,131061,132027641,131768380
47,64,5.29,2,66,4,172,7,105489,47021913,47151382
52,70,5.29,2,68,4,170,7,105489,47025583,47151382
16,15,5.29,1,4,4,225,7,65024,16852508,17571646
41,51,5.29,2,32776,4,65543,7,23488,58935546,59436090
20,20,5.29,1,8,4,2148,7,103697,68268252,68344050
100,216,5.29,3,33808,7,97024,4,78,83011812,82867739
100,215,5.29,3,34832,7,96000,4,78,82562062,82995464
100,212,5.29,3,36880,7,93952,4,78,82736407,82925788
100,219,5.29,3,40976,7,89856,4,78,82562062,82995464
94,140,5.29,2,65552,7,65024,4,78,124845985,125033629
79,222,5.29,3,8960,4,23552,7,239,134218695,134144114
99,321,5.29,2,16896,4,15360,7,239,134039421,134124358
97,313,5.29,2,3072,4,29184,7,253,61137333,61128911
97,317,5.29,2,5120,4,27136,7,253,61067243,61169135
98,325,5.29,2,9216,4,23040,7,253,61048022,60607041
93,303,5.29,2,17408,4,14848,7,253,61094912,61104561
96,327,5.29,2,6144,4,26112,7,253,61137333,61128911
97,315,5.29,2,10240,4,22016,7,253,60861952,60759789
95,297,5.29,2,18432,4,13824,7,253,61089150,60607041
97,332,5.29,2,12288,4,19968,7,253,61094912,61104561
94,304,5.29,2,20480,4,11776,7,253,61094912,61104561
100,325,5.29,2,24576,4,7680,7,239,133842544,134095221
21,20,5.20,2,17,9,130816,3,224,121517681,121989626
20,19,5.20,2,2049,9,128784,3,224,121500852,121165910
21,20,5.20,2,4097,9,126736,3,224,121517681,121989626
21,20,5.20,2,8193,9,122640,3,224,121517681,121989626
21,20,5.20,2,16385,9,114448,3,224,121517681,121989626
18,17,5.20,2,65537,9,65296,3,224,121495130,121165910
35,49,5.20,2,10,3,98305,9,24544,59244732,58409444
11,10,5.20,3,548,9,128200,3,19,77519217,78129218
11,10,5.20,3,16420,9,112328,3,19,77519217,78129218
75,100,5.20,2,36,3,138,9,122129,47182052,46958382
11,10,5.20,3,580,9,128168,3,19,77519217,78129218
11,10,5.20,3,16452,9,112296,3,19,77519217,78129218
12,16,5.20,2,260,9,130562,3,112,105950736,107328573
11,10,5.20,3,33284,9,95464,3,19,77519217,78129218
13,17,5.20,2,516,9,130306,3,112,105950736,107328573
13,17,5.20,2,4100,9,126722,3,112,105950736,107328573
15,19,5.20,2,8196,9,122626,3,112,105950736,107328573
11,10,5.20,3,49156,9,79592,3,19,77519217,78129218
15,19,5.20,2,16388,9,114434,3,112,105950736,107328573
12,11,5.20,1,4,3,11,9,130576,30979556,30345683
18,17,5.20,2,72,3,35,9,130816,16972570,17495261
13,12,5.20,4,8584,9,122464,3,19,77553092,77755030
13,12,5.20,4,73992,9,57056,3,19,77553092,77755030
18,23,5.20,2,16392,9,114434,3,112,104535582,105893339
19,24,5.20,2,32776,9,98050,3,112,102982080,107328573
18,23,5.20,2,65544,9,65282,3,112,102982080,107328573
52,77,5.20,2,65544,3,32774,9,32656,8606786,8310127
12,11,5.20,1,8,3,7,9,130576,30979556,30345683
10,10,5.20,2,144,9,129793,3,14,108339517,108533394
91,135,5.20,2,96,3,140,9,122129,47025583,47151382
21,23,5.20,3,416,9,130624,3,19,77700069,78291710
20,21,5.20,3,2368,9,128672,3,19,77701344,78291710
19,18,5.20,3,33088,9,97952,3,19,77700069,78291710
19,18,5.20,1,64,3,44,9,32529,121064395,120382637
19,18,5.20,3,33152,9,97888,3,19,77700069,78291710
10,9,5.20,1,2048,3,17152,9,1279,73884859,73697595
11,10,5.10,1,8,2,6,13,131025,70135011,70204078
10,16,5.00,2,2056,5,230,5,98577,9028593,10327632
11,12,5.00,2,80,5,32937,5,30208,43872724,43604394
21,22,5.00,2,528,5,94209,5,110,44562669,44328972
12,13,5.00,2,192,5,32825,5,30208,43903086,82995464
10,9,5.00,4,25216,5,105472,5,94,93387909,94226366
20,21,5.00,3,6272,5,26368,5,31,59519959,60011367
20,21,5.00,3,10368,5,22272,5,31,59519959,60011367
10,9,5.00,4,90240,5,40448,5,94,93387909,94226366
20,21,5.00,3,24704,5,7936,5,31,59433029,59436090
33,35,5.00,1,128,5,110,5,21521,120042486,120084040
11,11,5.00,4,57600,5,71169,5,110,43659123,43899267
11,11,5.00,4,39936,5,74497,5,110,43661140,125771974
63,134,5.00,3,35840,5,94720,5,206,134221900,134144114
65,134,5.00,3,37888,5,92672,5,206,134221900,134144114
19,19,5.00,2,34816,5,79360,5,151,111301120,111173795
39,63,4.90,2,9,3,65542,8,32528,8301324,8577414
90,173,4.90,2,17,8,98048,3,76,82563236,82995464
89,174,4.90,3,8705,8,122128,3,76,82815728,82867739
92,179,4.90,3,12289,8,118544,3,76,83016556,82778372
92,178,4.90,3,24577,8,106256,3,76,83016556,82778372
21,21,4.90,2,34,3,140,8,32528,59638039,60011367
52,111,4.90,2,66,2,12,12,130961,8954324,9157156
15,14,4.90,1,2,3,100,8,111889,86347558,86503173
15,19,4.90,2,1028,8,129538,3,112,105950736,107328573
10,9,4.90,2,8196,6,3688,4,98321,12435298,12925121
17,20,4.90,2,32772,8,97794,3,112,105950736,107328573
15,19,4.90,2,65540,8,65026,3,112,105950736,107328573
50,69,4.90,2,65540,3,32778,8,32400,8606786,8310127
13,12,4.90,1,4,2,96,12,130835,43926225,44069920
68,90,4.90,3,168,3,70,8,105745,47340644,47869538
17,16,4.90,3,4168,8,93856,3,19,77553092,77755030
17,16,4.90,3,4232,8,93792,3,19,77553092,77755030
24,33,4.90,2,136,2,6,12,130897,59929545,59611949
19,24,4.90,2,520,8,130304,3,112,102975025,105945651
20,24,4.90,2,2056,8,128514,3,112,104535582,105893339
18,23,4.90,2,4104,8,126720,3,112,102975025,105945651
17,16,4.90,2,16392,8,113670,3,400,14277173,13987134
100,134,4.90,3,3088,6,127488,4,226,128706787,128563801
98,128,4.90,3,5136,6,125440,4,226,128160666,128563801
96,129,4.90,3,17424,6,113152,4,226,128706787,128563801
27,48,4.90,2,4112,8,126720,3,14,112099212,114270875
31,43,4.90,2,32784,3,65539,8,24512,58935546,59436090
32,43,4.90,2,65552,3,32771,8,24512,58935546,59436090
23,25,4.90,3,8480,8,89792,3,19,77713981,78291710
52,76,4.90,2,544,8,130304,3,70,18830644,18141921
20,19,4.90,4,51232,8,79808,3,19,77700069,78291710
21,21,4.90,4,84000,8,47040,3,19,77553092,77755030
50,76,4.90,2,4128,8,126720,3,70,18622819,18728553
19,28,4.90,1,32,2,68,12,130841,46644494,46409843
20,23,4.90,3,4416,8,93856,3,19,77713981,78291710
19,18,4.90,4,38976,8,92064,3,19,77700069,78291710
21,21,4.90,4,71744,8,59296,3,19,77553092,77755030
20,19,4.90,4,51264,8,79776,3,19,77700069,78291710
21,21,4.90,4,84032,8,47008,3,19,77553092,77755030
35,40,4.90,1,64,3,44,8,65040,124148780,123987105
20,19,4.90,4,39040,8,92000,3,19,77700069,78291710
20,19,4.90,4,51328,8,79712,3,19,77700069,78291710
10,9,4.90,3,2816,3,114688,8,255,10324486,9864327
79,218,4.90,3,4864,4,27648,6,238,134218695,134144114
14,13,4.90,3,66304,6,64512,4,89,18212960,18815377
80,219,4.90,3,10496,4,22016,6,238,134218695,134144114
13,12,4.90,3,67840,6,62976,4,89,18815377,18212960
13,12,4.90,3,69888,6,60928,4,89,18815377,18212960
13,12,4.90,3,73984,6,56832,4,89,18815377,18212960
19,18,4.90,2,65792,6,32256,4,116,8707403,9335116
80,141,4.90,3,67072,6,63744,4,78,17535797,17406359
23,23,4.90,2,33280,4,78848,6,215,111290820,111254156
39,71,4.90,3,19456,3,12800,8,255,118234033,118463741
79,136,4.90,3,70656,6,60160,4,78,17535797,17406359
74,136,4.90,3,71680,6,59136,4,78,17535797,17406359
75,131,4.90,3,77824,6,52992,4,78,17535797,17406359
76,136,4.90,3,86016,6,44800,4,78,17531684,17406359
11,10,4.90,1,4096,12,123759,2,144,8266167,8614923
55,81,4.90,1,32768,4,65550,6,24080,8612455,8190314
23,30,4.69,2,130,2,12,11,130896,59638039,60011367
13,13,4.69,1,2,11,130836,2,192,121457458,121319699
13,13,4.69,1,4,11,130834,2,192,121457458,121319699
39,40,4.69,2,24,11,130822,2,192,128516124,128454283
44,53,4.69,1,32,2,12,11,130960,73186178,73310512
61,86,4.69,1,64,11,130856,2,144,128066938,128770455
27,26,4.69,1,128,2,40,11,130833,19102058,19541322
14,16,4.69,3,22528,2,1536,11,98815,104894810,105732843
14,13,4.69,1,16384,11,110959,2,144,8266167,8614923
16,15,4.69,0,0,2,72,11,130833,133039155,133716622
17,16,4.69,0,0,2,160,11,130833,28723227,27744190
19,20,4.58,2,17,7,128512,3,70,108525528,108366764
86,167,4.58,3,8449,7,89616,3,76,82822058,82995464
26,36,4.58,2,32770,7,97792,3,112,105952057,107328573
17,16,4.58,3,16452,7,8379,3,98560,6193613,6080363
17,16,4.58,4,12328,7,85696,3,19,77553092,77755030
19,19,4.58,3,16424,7,79552,3,19,77553092,77755030
37,52,4.58,2,40,3,134,7,97296,73885681,73697595
19,19,4.58,3,584,7,95392,3,19,77553092,77755030
19,19,4.58,3,16456,7,79520,3,19,77553092,77755030
19,18,4.58,3,648,7,95328,3,19,77553092,77755030
19,18,4.58,3,16520,7,79456,3,19,77553092,77755030
21,26,4.58,2,1032,7,129536,3,112,104479309,105893339
16,15,4.58,4,77832,7,20192,3,19,77553092,77755030
21,26,4.58,2,8200,7,122368,3,112,102982080,107328573
17,17,4.58,3,81928,7,14048,3,19,77553092,77755030
100,194,4.58,3,784,7,130048,3,76,83000525,93517269
100,195,4.58,3,4368,7,126464,3,76,83016556,82778372
99,206,4.58,3,33296,7,97536,3,76,83003730,86011667
28,50,4.58,2,1040,7,96896,3,14,111971099,111961297
23,26,4.58,3,352,7,32384,3,19,77713981,78291710
21,21,4.58,5,71840,7,59200,3,19,77553092,77755030
23,26,4.58,3,16672,7,16064,3,19,77713981,78291710
19,18,4.58,5,47136,7,83904,3,19,77700069,78291710
21,21,4.58,5,79904,7,51136,3,19,77553092,77755030
42,44,4.58,1,32,3,74,7,31761,119604322,119880917
13,13,4.58,1,32,7,98335,3,6400,59211967,59061044
13,12,4.58,2,192,7,33327,3,6160,113165530,113640171
23,27,4.58,3,832,7,31904,3,19,77713981,78291710
23,26,4.58,3,8512,7,24224,3,19,77713981,78291710
23,26,4.58,3,16704,7,16032,3,19,77713981,78291710
20,19,4.58,5,36480,7,94560,3,19,77700069,78291710
15,20,4.58,2,16512,7,15968,3,32785,44640957,45116831
10,9,4.58,2,65664,7,33390,3,6160,112474462,113143652
10,9,4.58,1,128,3,16452,7,79121,86185992,86503173
97,327,4.58,3,25088,3,7168,7,253,60967060,60607041
98,292,4.58,3,19456,3,12800,7,239,134065717,134201491
100,306,4.58,3,22528,3,9728,7,239,134065717,134201491
11,10,4.58,1,16384,3,196,7,79121,86185992,86503173
77,91,4.47,3,4101,10,126730,2,192,102811590,102667856
10,11,4.47,2,5,10,130818,2,80,107328573,129867736
29,32,4.47,3,137,5,16438,4,99072,6193613,6080363
88,107,4.47,3,4105,10,126726,2,192,102811590,102667856
92,126,4.47,2,32769,10,98058,2,192,102549546,102404358
60,109,4.47,2,32769,10,98192,2,72,14920828,14520477
60,106,4.47,2,65537,10,65424,2,72,14938809,14665951
34,44,4.47,1,1,2,6,10,130832,64212142,64494514
50,59,4.47,1,1,2,98304,10,32624,59893149,59638039
17,16,4.47,1,1,2,6,10,130832,46355198,46141488
26,32,4.47,2,34,4,204,5,13584,47640987,47869538
33,36,4.47,2,34,5,16413,4,99072,6193613,6080363
24,30,4.47,2,65538,2,32776,10,32720,60404677,60260679
41,42,4.47,1,2,4,108,5,21521,119581701,119990971
16,15,4.47,1,2,2,5,10,130832,46355198,46141488
33,36,4.47,2,36,5,16411,4,99072,6193613,6080363
96,164,4.47,2,68,2,10,10,32657,8296601,8577414
26,35,4.47,2,132,10,130632,2,17,118663508,118979114
10,12,4.47,2,132,10,130818,2,80,105957296,107328573
11,10,4.47,2,516,5,10344,4,98321,12435298,12925121
92,125,4.47,2,16388,10,114442,2,192,102480030,102404358
92,152,4.47,1,4,10,130824,2,144,128071123,128811723
15,14,4.47,1,4,2,3,10,130832,46355198,46141488
29,32,4.47,3,152,5,16423,4,99072,6078675,6340287
34,37,4.47,2,40,5,16407,4,99072,6075181,6340287
37,46,4.47,2,72,4,98310,5,7696,8296601,8577414
99,139,4.47,2,16392,10,114438,2,192,102480030,102404358
28,31,4.47,2,32776,2,65537,10,32720,60408913,60104535
10,9,4.47,3,1296,5,31232,4,32782,59375292,59436090
10,9,4.47,3,8464,5,24064,4,32782,59375292,59436090
100,128,4.47,4,6672,5,123904,4,226,128737111,128066938
100,126,4.47,4,12816,5,117760,4,226,128737111,128066938
99,124,4.47,4,21008,5,109568,4,226,128706787,128563801
99,125,4.47,4,25104,5,105472,4,226,128706787,128563801
23,25,4.47,2,8208,4,70145,5,110,43409067,43916148
11,11,4.47,2,16400,4,13824,5,32814,59519959,60011367
18,19,4.47,2,16400,5,78337,4,78,44562669,44328972
20,37,4.47,2,32784,10,98208,2,12,112157830,113179877
81,105,4.47,2,1056,10,129550,2,144,107326980,108533394
84,104,4.47,2,8224,10,122382,2,144,102384056,102495891
12,12,4.47,1,32,4,78,5,6417,74922446,74657786
21,21,4.47,2,2112,4,4648,5,99585,9487699,9339604
35,43,4.47,2,65600,4,32782,5,7696,8296601,8577414
28,29,4.47,3,8832,5,23808,4,23,59627411,59951855
40,56,4.47,2,4224,5,26368,4,30,108562458,108095235
74,129,4.47,3,74752,5,55808,4,78,17535797,17406359
15,17,4.47,1,2048,5,30208,4,240,120554112,120382637
14,13,4.47,1,8192,10,115566,2,144,8264040,8614923
24,28,4.47,2,49152,10,81423,2,272,7694664,7596418
19,18,4.47,0,0,2,10,10,57109,43311218,41478881
89,159,4.24,2,65537,9,65296,2,72,83006076,82867739
47,78,4.24,2,66,2,12,9,63249,47482757,47615268
28,31,4.24,2,130,6,16445,3,98560,6193613,6080363
95,136,4.24,3,49154,9,81676,2,192,102547552,102577874
63,100,4.24,1,2,2,12,9,32656,8574804,8190314
52,88,4.24,2,12,2,65538,9,32656,8567907,8190314
88,180,4.24,2,36,3,74,6,23569,71714113,71824326
28,31,4.24,2,132,6,16443,3,98560,6193613,6080363
100,141,4.24,2,516,9,130058,2,192,102811590,102667856
56,97,4.24,2,2052,9,128584,2,17,118921152,119178589
94,132,4.24,2,2052,9,128522,2,192,102550754,102324427
18,21,4.24,2,2052,9,128770,2,80,104535582,105893339
49,86,4.24,2,65540,9,65096,2,17,118663508,118979114
46,58,4.24,1,4,2,10,9,32592,59912459,59611949
40,57,4.24,3,168,2,68,9,96017,47504687,47790010
19,19,4.24,4,8744,6,87232,3,19,77553092,77755030
12,11,4.24,4,2440,9,128608,2,18,77553092,77755030
13,18,4.24,2,264,9,130562,2,80,108464423,108235741
100,137,4.24,3,2568,9,128262,2,192,102126894,102495891
17,17,4.24,4,74248,6,21728,3,19,77553092,77755030
36,63,4.24,2,520,9,106982,2,17,71740797,71824326
41,45,4.24,1,8,3,98,6,23569,119546129,119880917
23,24,4.24,1,8,3,176,6,30210,43883095,43899267
100,190,4.24,4,18704,6,112128,3,76,83016556,82778372
97,125,4.24,3,1552,6,129024,3,224,128706787,128563801
45,47,4.24,2,4112,3,25088,6,238,108525528,108366764
60,107,4.24,2,32784,9,98049,2,72,14690891,14925085
23,42,4.24,2,65552,9,65408,2,12,111969262,111751868
24,25,4.24,2,65552,3,8705,6,238,44328972,44630010
59,103,4.24,2,65552,9,65281,2,72,14690891,14925085
14,17,4.24,1,16,2,9,9,130816,74306859,74109907
27,29,4.24,4,5280,6,92736,3,19,77700069,78291710
85,150,4.24,1,32,9,130816,2,144,128770455,128125061
22,21,4.24,1,32,2,72,9,32529,120976710,120382637
49,81,4.24,2,192,2,12,9,96017,47609628,47873294
29,31,4.24,3,5184,6,90784,3,19,77713981,78291710
40,65,4.24,2,16512,9,48992,2,17,71812159,72141955
100,207,4.24,4,35584,6,95248,3,14,82822058,82995464
17,16,4.24,6,120064,6,10976,3,19,77700069,78291710
68,115,4.24,3,5376,6,125440,3,70,17535797,17406359
64,106,4.24,3,17664,6,113152,3,70,17533829,17406359
68,110,4.24,3,66816,6,64000,3,70,17535797,17406359
100,206,4.24,4,100608,6,30224,3,14,83011812,82867739
17,16,4.24,6,127232,6,3808,3,19,77700069,78291710
66,115,4.24,3,20736,6,110080,3,70,17533829,17406359
100,208,4.24,4,114944,6,15888,3,14,83533299,82995464
99,138,4.24,2,33024,9,97802,2,192,102564953,102324427
38,76,4.24,4,27136,2,5120,9,65791,118046980,118441835
12,11,4.24,1,512,3,5122,6,497,13862415,14293815
18,17,4.24,6,113664,6,17376,3,19,77700069,78291710
17,16,4.24,6,121856,6,9184,3,19,77700069,78291710
18,17,4.24,6,129024,6,2016,3,19,77700069,78291710
29,28,4.24,1,2048,6,29702,3,400,14284065,13987134
23,22,4.24,2,36864,3,67072,6,215,111308739,111173795
12,11,4.24,1,4096,6,8526,3,49,96255168,98891076
25,30,4.24,2,81920,9,48653,2,272,7713042,7590456
13,13,4.24,1,32768,2,65600,9,32417,75920243,76226458
17,29,4.00,2,17,8,130560,2,12,112161812,113179877
99,132,4.00,2,513,8,130304,2,66,17119937,16761138
46,54,4.00,2,8193,8,122624,2,6,17294708,17373969
100,152,4.00,3,1030,8,129544,2,192,102811590,102667856
94,137,4.00,3,4102,8,126472,2,192,102811590,102667856
100,141,4.00,3,8198,8,122376,2,192,102811590,102667856
98,141,4.00,3,2058,8,128516,2,192,102947869,105893339
33,35,4.00,2,66,4,29,4,99072,6145845,6340287
100,137,4.00,4,37378,8,93452,2,192,102549546,102404358
36,65,4.00,2,514,8,106956,2,17,72141955,71967085
96,138,4.00,3,34818,8,95756,2,192,102547552,102577874
99,153,4.00,3,1036,8,129538,2,192,102811590,102667856
95,136,4.00,3,4108,8,126466,2,192,102811590,102667856
99,142,4.00,3,8204,8,122370,2,192,102811590,102667856
12,11,4.00,2,36,2,66,8,111889,86371267,86503173
21,27,4.00,2,68,2,40,8,114192,3019625,3241610
35,70,4.00,2,516,8,106954,2,17,72155685,71956644
100,142,4.00,3,5124,8,125450,2,192,102811590,102667856
100,152,4.00,3,33796,8,96778,2,192,102549546,102404358
99,148,4.00,3,66564,8,64010,2,192,102803198,102667856
58,104,4.00,2,1028,8,64072,2,17,118759713,118659625
97,129,4.00,3,12292,8,118282,2,192,102811590,102667856
97,137,4.00,3,36868,8,93706,2,192,102549546,102404358
97,136,4.00,3,69636,8,60938,2,192,102550754,102324427
58,102,4.00,2,4100,8,61000,2,17,118807857,118659625
99,144,4.00,3,40964,8,89610,2,192,102549546,102404358
99,142,4.00,3,73732,8,56842,2,192,102549546,102404358
34,37,4.00,1,4,4,106,4,5137,119546129,119880917
23,23,4.00,1,4,2,192,8,127745,55736911,56002139
18,19,4.00,2,40,2,6,8,32528,59912459,59611949
10,10,4.00,3,584,8,124966,2,17,48138027,48042247
10,11,4.00,2,72,8,29334,2,98304,12085079,12297708
35,38,4.00,2,72,4,23,4,99072,6145845,6340287
94,156,4.00,2,264,8,130560,2,144,128516124,128454283
99,144,4.00,3,3080,8,127494,2,192,102126894,102495891
100,139,4.00,3,6152,8,124422,2,192,102126894,102495891
100,138,4.00,3,10248,8,120326,2,192,102947869,105893339
98,141,4.00,3,34824,8,95750,2,192,102547552,102577874
100,144,4.00,3,67592,8,62982,2,192,102126894,102495891
12,11,4.00,2,8200,4,2628,4,98321,12435298,12925121
10,11,4.00,2,32776,4,65700,4,6224,73885681,73697595
99,179,4.00,2,65544,8,65280,2,144,128737111,128066938
23,26,4.00,1,8,2,66,8,114192,126871415,126601410
10,10,4.00,3,2320,8,128513,2,12,43659123,43899267
94,100,4.00,2,272,8,130560,2,192,128160666,128563801
11,10,4.00,2,96,4,142,4,6912,56412928,56467447
20,23,4.00,2,96,2,12,8,114192,3214060,3241610
48,65,4.00,2,288,8,130560,2,66,18651437,18415087
13,12,4.00,2,288,8,130560,2,17,11980473,12297708
11,10,4.00,2,544,4,2124,4,98321,12435298,12925121
47,73,4.00,2,1056,8,129792,2,66,18647901,18728553
46,67,4.00,2,2080,8,128768,2,66,18743485,18656314
45,67,4.00,2,8224,8,122624,2,66,18647901,18728553
39,60,4.00,2,16416,8,44992,2,17,71789862,71824326
44,67,4.00,2,16416,8,114432,2,66,18647901,18728553
46,71,4.00,2,65568,8,65280,2,66,18647901,18728553
12,16,4.00,1,32,2,576,8,98591,118316931,118306172
18,21,4.00,1,32,4,4800,4,98321,27232139,27493302
10,16,4.00,2,192,4,46,4,98321,8712798,9335116
13,12,4.00,2,8256,4,2572,4,98321,12943279,12398713
16,16,4.00,1,64,2,6,8,81169,74923262,74657786
24,26,4.00,2,384,8,130560,2,17,22858667,27530385
43,63,4.00,2,1152,4,29184,4,30,108562458,108095235
49,71,4.00,2,8320,4,18176,4,30,108178924,108533394
10,9,4.00,3,3328,4,45568,4,150,111314126,111635859
12,11,4.00,2,4352,4,42496,4,150,111314126,111635859
22,28,4.00,1,1024,2,98304,8,255,74031833,73681306
48,94,4.00,1,1024,8,64320,2,17,72120471,72076645
35,67,4.00,4,30720,2,1536,8,255,118234033,118463741
24,23,4.00,1,2048,2,96,8,103825,68351673,68857808
13,12,4.00,1,2048,8,17079,2,98304,12288306,12115732
41,71,4.00,2,49152,8,81728,2,17,71754581,71824326
12,12,4.00,1,65536,2,32832,8,32289,75511431,76034974
28,31,3.87,3,145,5,16430,3,98560,6193613,6080363
24,31,3.87,2,65,5,98318,3,1552,8280310,8614923
38,41,3.87,1,2,15,131053,1,16,111729948,111472928
15,14,3.87,2,132,5,32874,3,6160,113649899,114270875
10,15,3.87,2,2052,5,234,3,65553,9028593,10327632
25,26,3.87,3,16520,5,55,3,98560,6078675,6340287
15,16,3.87,2,520,5,32934,3,6160,73697595,73880589
20,19,3.87,2,1032,5,14342,3,400,14477151,14990972
34,37,3.87,2,48,5,16399,3,98560,6075181,6340287
100,122,3.87,4,68112,5,62464,3,224,128706787,128563801
97,117,3.87,4,82448,5,48128,3,194,128706787,128563801
94,124,3.87,1,16,5,15361,3,224,105945651,107328573
30,32,3.87,4,13344,5,82624,3,19,77713981,78291710
37,41,3.87,3,17440,5,12992,3,19,77713981,78291710
36,40,3.87,3,1600,5,28832,3,19,77713981,78291710
35,39,3.87,3,17472,5,12960,3,19,77713981,78291710
40,43,3.87,1,64,3,42,5,21521,119536836,120042486
15,16,3.87,4,11008,5,87041,3,14,44566990,44118303
10,9,3.87,3,66304,3,37888,5,151,111314126,111635859
100,208,3.87,5,52480,5,78352,3,14,83011812,82867739
16,17,3.87,4,14592,5,83457,3,14,43659123,43899267
100,206,3.87,5,55552,5,75280,3,14,83011812,82867739
16,16,3.87,4,26880,5,71169,3,14,43659123,43899267
93,179,3.87,3,5632,3,26624,5,94,17538594,17406359
91,173,3.87,3,17920,3,14336,5,94,17533829,17406359
93,185,3.87,3,6656,3,25600,5,94,17538594,17406359
87,172,3.87,3,12800,3,19456,5,94,17538594,17406359
14,13,3.87,1,512,3,16480,5,98577,68319850,68227644
82,148,3.87,3,25600,3,6656,5,94,17533829,17406359
85,155,3.87,3,28672,3,3584,5,94,17533829,17406359
12,11,3.87,1,8192,5,4174,3,49,96268292,98891076
19,24,3.87,1,16384,3,9728,5,241,120378953,120976710
46,82,3.74,2,33,14,131022,1,16,126147154,134124358
36,48,3.74,2,33,14,131022,1,16,35508973,36294998
16,16,3.74,3,193,7,24638,2,33024,6051620,6414643
18,17,3.74,3,16449,7,8382,2,33024,6051620,6414643
38,49,3.74,2,65,14,130990,1,16,35028872,35303375
81,106,3.74,3,67585,7,63232,2,66,17298590,20384984
100,131,3.74,2,4097,7,126464,2,66,17298590,20384984
86,111,3.74,3,81921,7,48896,2,66,17294708,17373969
100,131,3.74,5,70154,7,60676,2,192,102550754,102324427
99,132,3.74,5,77834,7,52996,2,192,102549546,102404358
100,142,3.74,4,41474,7,89100,2,192,102549546,102404358
100,144,3.74,4,98818,7,31756,2,192,102549546,102404358
99,140,3.74,4,45058,7,85516,2,192,102549546,102404358
100,146,3.74,4,102402,7,28172,2,192,102549546,102404358
61,112,3.74,2,516,7,31816,2,17,118899764,118663508
12,12,3.74,2,4100,7,2794,2,98304,9455484,9290627
41,93,3.74,2,32772,7,66026,2,17,71807679,72120471
36,77,3.74,2,65540,7,33258,2,17,72159448,72354141
10,10,3.74,3,16456,7,76326,2,17,48138027,48042247
98,170,3.74,3,1544,7,129280,2,144,128306759,128454283
100,173,3.74,3,5128,7,125696,2,144,128516124,128454283
100,172,3.74,3,17416,7,113408,2,144,128516124,128454283
96,161,3.74,3,40968,7,89856,2,144,128150208,128563801
95,162,3.74,3,49160,7,81664,2,144,128516124,128454283
42,89,3.74,2,32776,7,66022,2,17,72157424,71956644
13,12,3.74,2,65544,7,33510,2,2064,112474462,113143652
37,72,3.74,2,65544,7,33254,2,17,72155685,71956644
23,27,3.74,2,48,2,129,7,30214,43661857,125771974
97,179,3.74,3,65808,7,65024,2,12,83016556,82778372
38,78,3.74,2,65568,7,33230,2,17,72354141,72362989
21,20,3.74,1,32,1,64,14,130847,120377660,120976710
10,9,3.74,1,32,1,64,14,130973,77278532,77008087
21,20,3.74,1,64,1,32,14,130847,120377660,120976710
12,11,3.74,1,64,1,32,14,130967,106916377,105972161
10,9,3.74,3,33408,7,97536,2,68,93387909,94226366
11,10,3.74,2,640,7,32879,2,2064,113165530,113640171
31,32,3.74,2,640,7,30824,2,65552,8712798,9335116
15,22,3.74,2,32896,7,96000,2,80,104480618,105893339
11,10,3.74,2,32896,7,92449,2,10,17375858,20384984
10,9,3.74,1,256,2,72,7,119825,12625357,12925121
100,307,3.74,4,7680,2,24576,7,239,134065717,134201491
81,152,3.74,2,33280,7,97536,2,72,15023736,14520477
78,144,3.74,2,66048,7,64768,2,72,14920828,14520477
11,10,3.74,2,33792,7,31616,2,18,59638039,60011367
74,138,3.74,2,34816,7,96000,2,72,14920828,14520477
71,134,3.74,2,67584,7,63232,2,72,14920828,14520477
35,42,3.74,1,2048,7,112130,2,272,7713042,7590456
11,10,3.74,2,36864,7,28544,2,18,59638039,60011367
77,138,3.74,2,40960,7,89856,2,72,14324990,14925085
78,135,3.74,2,73728,7,57088,2,72,14324990,14925085
42,67,3.74,2,81920,7,48896,2,17,72141955,71967085
14,14,3.74,1,32768,14,98283,1,16,75242240,75142717
17,17,3.74,1,32768,2,65600,7,7183,67808000,67980478
11,10,3.74,1,65536,14,65515,1,16,75163599,75238475
18,23,3.61,2,3,1,128,13,130684,47776518,48002737
32,37,3.61,2,257,1,128,13,130684,47821475,47748254
21,22,3.61,1,1,1,2,13,131056,116232768,115204737
78,205,3.61,2,6,1,8,13,130993,8926551,8707403
13,12,3.61,2,130,13,130921,1,16,128556724,128706787
10,9,3.61,2,258,13,130733,1,16,108095235,108339517
10,9,3.61,2,1026,13,129965,1,16,108526847,108366764
66,69,3.61,1,2,1,8,13,130993,16503082,15500735
18,20,3.61,2,68,13,130986,1,16,87030962,86666876
31,50,3.61,2,16388,13,114666,1,16,71867323,72120471
19,23,3.61,1,4,1,2,13,131056,115213137,116190814
44,45,3.61,1,4,13,32747,1,16,111729948,111472928
12,12,3.61,1,4,13,65507,1,16,75234951,75142717
11,13,3.61,2,264,13,130789,1,16,108516276,108095235
27,30,3.61,2,264,13,130790,1,16,31830557,31823068
30,34,3.61,2,520,13,130534,1,16,31787100,31457895
31,34,3.61,2,1032,13,130022,1,16,31787100,31457895
29,33,3.61,2,2056,13,128998,1,16,31787100,31457895
30,34,3.61,2,8200,13,122854,1,16,31787100,31457895
29,45,3.61,2,16392,13,114662,1,16,71740797,71824326
28,32,3.61,2,16392,13,114662,1,16,31787100,31457895
30,32,3.61,2,32776,13,98278,1,16,31830557,31823068
20,27,3.61,2,32776,13,98229,1,64,14855169,14665951
25,27,3.61,2,65544,13,65510,1,16,31787100,31457895
20,26,3.61,2,65544,13,65461,1,64,14855169,14665951
20,28,3.61,1,8,1,1,13,131056,122017474,121583994
15,15,3.61,1,8,13,65507,1,16,75046439,75111164
16,15,3.61,1,8,1,64,13,130867,46609004,46631198
23,28,3.61,3,65632,13,65423,1,16,117923618,117859841
21,23,3.61,2,160,13,130831,1,16,102577874,102818575
11,10,3.61,1,32,1,32768,13,32671,76338280,76381197
12,16,3.61,2,65664,1,1,13,32638,9290627,9487699
10,9,3.61,2,34816,13,96238,1,16,17535797,17406359
10,9,3.61,2,73728,13,57086,1,256,72648291,72853746
12,11,3.61,1,32768,1,65536,13,32671,76338280,76381197
11,10,3.61,1,65536,1,32768,13,32671,76338280,76381197
33,35,3.46,3,69,3,26,4,99072,6320018,6023427
16,19,3.46,2,5,1,8,12,130992,121583994,122017474
14,13,3.46,2,5,12,118522,1,256,72707820,72853746
11,12,3.46,3,137,12,130916,1,16,108525528,108366764
14,13,3.46,2,9,4,32838,3,6160,112832989,112472251
13,12,3.46,2,9,12,118518,1,256,72707820,72853746
31,31,3.46,3,81,3,14,4,99072,6320018,6023427
32,34,3.46,3,16401,4,46,3,98560,6078675,6340287
45,46,3.46,2,33,12,131016,1,16,111414077,111751868
14,13,3.46,2,33,12,118494,1,256,72707820,72853746
23,28,3.46,3,577,12,130350,1,16,117693103,117947089
24,29,3.46,3,2113,12,128814,1,16,117693103,117947089
23,28,3.46,3,4161,12,126766,1,16,117693103,117947089
26,31,3.46,3,8257,12,122670,1,16,117693103,117947089
26,31,3.46,3,16449,12,114478,1,16,117693103,117947089
25,29,3.46,3,32833,12,98094,1,16,117923618,117859841
23,27,3.46,3,65601,12,65326,1,16,117923618,117859841
14,16,3.46,2,65,4,418,3,99328,126871415,126601410
14,13,3.46,2,65,12,118462,1,256,72707820,72853746
11,10,3.46,2,513,12,118014,1,256,72707820,72853746
21,26,3.46,1,1,12,130792,1,16,87133775,86666876
99,135,3.46,5,74250,6,56324,2,192,102549546,102404358
27,35,3.46,2,10,2,36,6,64000,123889243,124411767
31,33,3.46,3,16402,4,45,3,98560,6193613,6080363
25,31,3.46,2,34,2,12,6,64000,124467167,124294579
19,22,3.46,2,66,12,130732,1,16,87030962,86666876
58,84,3.46,2,66,2,12,6,15632,33367568,33751585
10,9,3.46,3,16514,12,114477,1,16,108095235,108339517
10,9,3.46,3,65666,12,65325,1,16,108095235,108339517
36,57,3.46,3,33026,12,97965,1,16,125551536,126079792
42,68,3.46,3,65794,12,65197,1,16,125551536,126079792
13,12,3.46,2,2050,12,128940,1,16,108095235,108339517
37,62,3.46,3,40962,12,90029,1,16,125551536,126079792
43,73,3.46,3,73730,12,57261,1,16,125551536,126079792
38,63,3.46,3,49154,12,81837,1,16,125551536,126079792
43,73,3.46,3,81922,12,49069,1,16,125551536,126079792
11,10,3.46,3,81922,12,49069,1,16,108095235,108339517
32,48,3.46,2,16386,12,114636,1,16,72141955,71967085
37,60,3.46,3,98306,12,32685,1,16,125551536,126079792
45,95,3.46,2,32770,6,65996,2,17,72157424,71956644
37,78,3.46,2,65538,6,33228,2,17,72120471,72076645
19,18,3.46,1,2,1,8,12,131040,87680228,88342398
19,19,3.46,1,2,2,96,6,38657,68351673,68857808
78,178,3.46,2,12,1,2,12,130961,8974120,8703246
30,30,3.46,3,84,3,11,4,99072,6145845,6340287
31,33,3.46,3,16404,4,43,3,98560,6193613,6080363
17,18,3.46,2,20,12,130890,1,1,118670992,118836228
58,70,3.46,2,36,12,124875,1,16,131544498,130788655
96,152,3.46,2,36,4,98314,3,208,102550754,102324427
12,11,3.46,2,36,3,584,4,98321,12619023,12925121
26,32,3.46,2,132,4,106,3,98320,8700568,9487699
45,101,3.46,2,260,6,33002,2,17,72158653,71956644
22,22,3.46,1,4,1,2,12,32753,111152210,111324201
10,11,3.46,1,4,1,2,12,130992,104894810,105732843
60,116,3.46,1,4,3,74,4,98321,45011649,45116831
49,51,3.46,1,4,1,8,12,130961,15842899,16761138
32,34,3.46,3,16408,4,39,3,98560,6078675,6340287
55,66,3.46,2,40,12,124871,1,16,131544498,130788655
96,151,3.46,2,40,4,98310,3,208,102550754,102324427
84,169,3.46,2,40,3,70,4,6161,72396812,73017664
26,32,3.46,3,8264,12,122663,1,16,117693103,117947089
26,32,3.46,3,16456,12,114471,1,16,117693103,117947089
23,28,3.46,3,65608,12,65319,1,16,117923618,117859841
13,13,3.46,2,72,2,6,6,32256,75920243,76226458
11,13,3.46,3,16520,12,114533,1,16,108516276,108095235
48,100,3.46,2,264,6,32998,2,17,71740797,71824326
100,171,3.46,4,18952,6,111872,2,144,128277267,128454283
100,170,3.46,4,25096,6,105728,2,144,128277267,128454283
43,62,3.46,2,520,12,130215,1,16,36282089,35965185
100,173,3.46,4,22536,6,108288,2,144,128269382,128454283
100,173,3.46,4,28680,6,102144,2,144,128269382,128454283
100,139,3.46,5,110600,6,19974,2,192,102549546,102404358
15,16,3.46,2,4104,12,126885,1,16,108522460,108339517
12,11,3.46,2,4104,12,126198,1,256,72676556,72853746
30,34,3.46,2,4104,12,61414,1,16,31787100,31457895
19,19,3.46,2,4104,4,9222,3,400,14477151,14990972
12,14,3.46,2,65544,12,65445,1,16,108516276,108095235
11,10,3.46,1,8,12,130838,1,64,121449756,121319699
43,50,3.46,1,8,1,32,12,130961,73083650,73375427
76,78,3.46,1,8,1,2,12,130961,16503082,15500735
14,13,3.46,2,48,2,129,6,110080,126226463,126349214
10,9,3.46,2,80,4,163,3,99328,126358410,126871415
97,114,3.46,4,37392,6,93440,2,192,128737111,128066938
98,113,3.46,4,42000,6,88832,2,192,128737111,128066938
98,118,3.46,4,74768,6,56064,2,192,128737111,128066938
98,114,3.46,4,99344,6,31488,2,192,128160666,128563801
100,117,3.46,5,59408,4,71168,3,194,128706787,128563801
100,116,3.46,5,61456,4,69120,3,194,128706787,128563801
99,117,3.46,5,122896,4,7680,3,194,128706787,128563801
40,65,3.46,2,8208,4,19968,3,14,111691379,111472928
23,23,3.46,2,96,6,16415,2,33024,6051620,6414643
34,36,3.46,4,1696,4,28736,3,19,77700069,78291710
37,40,3.46,4,9760,4,20672,3,19,77713981,78291710
100,176,3.46,4,18976,6,111872,2,12,82822058,82995464
99,174,3.46,4,35360,6,95488,2,12,82822058,82995464
100,175,3.46,4,68128,6,62720,2,12,82822058,82995464
100,176,3.46,4,25120,6,105728,2,12,82822058,82995464
98,173,3.46,4,49696,6,81152,2,12,82822058,82995464
98,173,3.46,4,82464,6,48384,2,12,82822058,82995464
37,51,3.46,2,544,6,30080,2,18,108562458,108095235
16,17,3.46,2,544,4,142,3,6160,73685791,73880589
40,70,3.46,2,544,6,41416,2,17,71812159,72141955
27,35,3.46,2,544,6,64512,2,17,11980473,12297708
32,42,3.46,2,1056,6,29568,2,18,108562458,108095235
31,41,3.46,2,4128,6,26496,2,18,108562458,108095235
35,47,3.46,2,8224,6,22400,2,18,108562458,108095235
10,10,3.46,2,8224,4,2632,3,4113,47663539,47869538
33,44,3.46,2,16416,6,14208,2,18,108562458,108095235
38,75,3.46,2,32800,12,98189,1,16,125787648,126160019
13,14,3.46,2,32800,4,153,3,25600,43916148,44118303
13,12,3.46,2,65568,3,32773,4,17936,60434927,60104535
17,17,3.46,1,32,6,33358,2,2064,112461665,113143652
27,28,3.46,2,576,4,6184,3,98560,9864327,10351083
20,29,3.46,1,64,2,640,6,98581,27232139,27493302
24,26,3.46,2,384,6,32256,2,6,59434366,59388099
43,77,3.46,2,640,6,57696,2,17,71812159,72141955
10,9,3.46,4,102528,6,28416,2,68,93387909,94226366
10,9,3.46,4,106624,6,24320,2,68,93387909,94226366
12,11,3.46,2,32896,6,622,2,2064,113165530,113640171
53,96,3.46,2,65664,12,65325,1,16,126152049,134124358
40,87,3.46,2,65664,6,33126,2,17,72120471,72076645
10,10,3.46,2,65664,2,80,6,7181,67793121,67980478
37,40,3.46,1,128,12,97839,1,64,88277046,88066944
14,14,3.46,1,128,2,6,6,13585,74939538,74657786
88,103,3.46,4,67328,4,30720,3,84,17373969,17531684
12,11,3.46,3,1792,3,28672,4,150,111314126,111635859
100,207,3.46,4,49920,6,80912,2,12,83003730,86011667
63,111,3.46,3,3328,6,127488,2,68,17535797,17406359
68,109,3.46,3,9472,6,121344,2,68,17535797,17406359
74,86,3.46,3,35072,6,95744,2,20,20633340,20408378
70,115,3.46,3,12544,6,118272,2,68,17535797,17406359
53,81,3.46,3,37120,6,93696,2,80,105896367,107328573
15,16,3.46,2,4352,12,126698,1,16,64586199,64889176
17,18,3.46,2,65792,12,65258,1,16,64663901,64889176
93,186,3.46,3,20992,3,11264,4,78,17533829,17406359
10,9,3.46,1,512,6,9318,2,65552,75621531,75847345
17,16,3.46,1,512,6,31746,2,272,14280085,13987134
90,167,3.46,3,21504,3,10752,4,78,17533829,17406359
28,27,3.46,2,17408,4,14338,3,400,13973669,14293815
19,18,3.46,1,1024,12,117502,1,256,72707820,72853746
87,170,3.46,3,22528,3,9728,4,78,17531684,17406359
21,34,3.46,1,2048,6,95744,2,40,67397510,67469211
26,27,3.46,2,20480,4,11266,3,400,13802680,14293815
11,10,3.46,2,69632,12,60158,1,256,72676556,72853746
27,52,3.46,1,4096,3,25088,4,108,66847395,67170199
41,53,3.46,1,4096,6,108040,2,272,7507307,7694664
36,37,3.46,1,8192,3,5122,4,464,13975263,14293815
27,40,3.46,2,49152,6,81408,2,17,10877390,11864590
11,10,3.46,1,16384,12,106350,1,16,119597011,120208475
58,94,3.32,2,3,11,98212,1,16,125551536,126079792
11,12,3.32,2,5,11,130634,1,16,11058976,11864590
39,39,3.32,3,32897,11,98152,1,16,111739228,111940549
12,11,3.32,2,129,11,117886,1,256,72707820,72853746
53,76,3.32,2,129,11,130574,1,16,36506757,36306818
41,41,3.32,3,33793,11,97256,1,16,111739228,111940549
10,9,3.32,2,1025,11,129582,1,16,14284065,13987134
12,11,3.32,2,2049,11,100094,1,256,72707820,72853746
41,41,3.32,3,36865,11,94184,1,16,111739228,111940549
10,9,3.32,2,4097,11,126510,1,16,14284065,13987134
10,11,3.32,2,16385,11,114254,1,16,11058976,11864590
16,18,3.32,5,362,11,130693,1,16,58343552,82867739
64,99,3.32,2,10,11,130852,1,128,127912167,128811723
57,93,3.32,2,34,11,32716,1,16,126147154,134124358
74,114,3.32,2,130,11,32620,1,16,125748606,126085299
19,20,3.32,2,258,1,128,11,130672,47810402,47748254
40,47,3.32,2,258,11,130573,1,16,35027813,35303375
12,11,3.32,2,514,11,130472,1,16,108095235,108339517
51,75,3.32,2,514,11,130189,1,16,36452743,36367678
12,11,3.32,2,4098,11,126888,1,16,108095235,108339517
12,11,3.32,2,8194,11,122792,1,16,108095235,108339517
44,53,3.32,2,65538,11,65293,1,16,35031081,35303375
23,23,3.32,1,2,1,4,11,32721,110348493,111324201
36,42,3.32,1,2,11,65132,1,16,31830557,31823068
13,16,3.32,3,76,11,130722,1,16,10828987,11864590
40,52,3.32,3,8204,11,122659,1,16,117742324,117899082
40,53,3.32,3,16396,11,114467,1,16,117742324,117899082
58,103,3.32,2,36,11,32714,1,16,125798950,126085299
58,140,3.32,2,68,1,8,11,130833,47880985,48042247
80,97,3.32,2,260,11,130571,1,128,102550313,102404358
47,67,3.32,2,516,11,130187,1,16,36509307,36306818
19,24,3.32,1,4,11,130976,1,16,111798307,111895554
11,10,3.32,3,8216,11,122086,1,256,72648291,72853746
13,16,3.32,3,584,11,130214,1,16,10828987,11864590
13,16,3.32,3,8264,11,122534,1,16,10828987,11864590
22,22,3.32,2,264,11,130722,1,16,22850896,107328573
36,53,3.32,2,4104,11,126503,1,16,117742324,117899082
14,16,3.32,3,24584,11,106405,1,16,108516276,108095235
10,12,3.32,2,16392,11,81766,1,16,20153636,20621128
18,19,3.32,2,2064,11,128782,1,1,118670992,118836228
13,19,3.32,2,96,11,130694,1,16,11818034,12297708
71,118,3.32,2,160,11,32590,1,16,124845985,125033629
61,113,3.32,2,288,11,32462,1,16,125807040,126085299
55,60,3.32,2,288,11,130574,1,16,102484598,102404358
20,20,3.32,2,288,11,130698,1,16,22850896,107328573
40,48,3.32,2,8224,11,122762,1,16,20633340,20408378
61,114,3.32,2,16416,11,16334,1,16,126147154,134124358
65,78,3.32,2,16416,11,114446,1,16,102484598,102404358
41,46,3.32,2,16416,11,114570,1,16,20633340,20408378
57,93,3.32,1,32,11,130945,1,64,14920828,14520477
10,9,3.32,2,1088,11,125614,1,16,10316989,10041772
10,9,3.32,2,16448,11,110254,1,16,10316989,10041772
45,65,3.32,1,64,1,32,11,130833,73690369,73880589
22,27,3.32,1,128,1,64,11,130833,46402214,46631198
31,30,3.32,1,128,1,32,11,130833,16625156,16145609
11,10,3.32,2,33280,11,81386,1,16,17535797,17406359
11,10,3.32,1,512,11,127342,1,128,8264040,8614923
19,23,3.32,2,3072,1,4096,11,98815,104971724,105480188
18,21,3.32,2,5120,1,2048,11,98815,104971724,105480188
13,12,3.32,1,32768,11,98272,1,16,32363792,32812399
35,34,3.32,1,65536,1,32768,11,32287,100815815,100807031
11,10,3.32,1,65536,11,65504,1,16,32356183,32812399
98,117,3.16,3,515,10,130316,1,64,105960340,107328573
96,114,3.16,3,2051,10,128780,1,64,105960340,107328573
97,119,3.16,3,4099,10,126732,1,64,105960340,107328573
97,119,3.16,3,8195,10,122636,1,64,105960340,107328573
43,57,3.16,2,3,10,130572,1,16,35512335,36294998
79,95,3.16,3,1029,10,129802,1,128,102811590,102667856
77,91,3.16,3,8197,10,122634,1,128,102811590,102667856
78,93,3.16,3,65541,10,65290,1,128,102803198,102667856
93,114,3.16,3,1033,10,129798,1,64,102811590,102667856
91,110,3.16,3,65545,10,65286,1,128,102803198,102667856
20,24,3.16,2,33,10,130944,1,16,108525528,108366764
26,25,3.16,2,65,2,160,5,40448,17375858,20384984
40,40,3.16,5,67969,10,63084,1,16,111739228,111940549
40,40,3.16,5,75905,10,55148,1,16,111739228,111940549
25,36,3.16,2,129,10,130848,1,2,18640765,18728553
40,40,3.16,5,68865,10,62188,1,16,111739228,111940549
13,13,3.16,5,39169,5,91648,2,48,113649899,114270875
40,40,3.16,5,71937,10,59116,1,16,111739228,111940549
41,42,3.16,4,67073,10,63976,1,16,111739228,111940549
41,41,3.16,4,70145,10,60904,1,16,111739228,111940549
40,40,3.16,5,76801,10,54252,1,16,111739228,111940549
40,40,3.16,5,79873,10,51180,1,16,111739228,111940549
13,14,3.16,2,4097,10,126478,1,16,11058976,11864590
19,19,3.16,1,1,10,32482,1,16,75242240,75142717
63,111,3.16,2,6,10,32680,1,16,126124421,126136008
15,15,3.16,6,10346,10,120709,1,16,58343552,82867739
15,16,3.16,2,18,10,130817,1,64,134121449,134201491
17,16,3.16,3,642,10,117884,1,256,72707820,72853746
44,107,3.16,2,258,5,236,2,17,71824326,71898396
64,117,3.16,2,514,10,32172,1,16,125551536,126079792
70,119,3.16,2,1026,10,31660,1,16,125551536,126079792
69,122,3.16,2,2050,10,30636,1,16,125551536,126079792
75,135,3.16,2,4098,10,28588,1,16,126147154,134124358
65,105,3.16,2,16386,10,114472,1,128,128169718,128563801
47,62,3.16,2,32770,10,97805,1,16,35512335,36294998
11,10,3.16,2,32770,10,81768,1,16,17571646,18749216
62,98,3.16,1,2,5,28160,2,17,118849795,118575394
18,19,3.16,1,2,10,32481,1,16,75242240,75142717
57,115,3.16,1,2,1,4,10,130832,64518882,64552016
35,42,3.16,3,268,10,129571,1,16,117947089,117812434
35,48,3.16,3,2060,10,128547,1,16,117742324,117899082
10,12,3.16,3,100,10,126602,1,4096,65772436,65902835
48,75,3.16,2,36,1,2,10,130832,64500240,64335905
44,62,3.16,2,260,10,130632,1,1,118785448,118967932
12,13,3.16,2,260,10,130626,1,16,10828987,11864590
15,16,3.16,2,516,5,6248,2,98304,9487699,9339604
11,10,3.16,2,8196,5,6696,2,98304,9455484,9290627
46,100,3.16,2,65540,10,65289,1,16,125795403,126160019
72,106,3.16,1,4,2,10,5,16816,7378369,7749559
18,17,3.16,3,584,10,117942,1,256,72707820,72853746
15,14,3.16,3,648,10,117878,1,256,72707820,72853746
18,17,3.16,3,2184,10,116342,1,256,72707820,72853746
93,112,3.16,3,1288,10,129543,1,64,102377908,102596140
87,104,3.16,3,2312,10,128519,1,64,102544853,102404358
43,50,3.16,2,264,10,130566,1,16,35412759,35158198
14,15,3.16,2,520,10,130464,1,16,108522460,108339517
15,17,3.16,2,2056,10,128928,1,16,108516276,108095235
18,17,3.16,2,32776,5,614,2,2064,112461665,113143652
31,34,3.16,2,65544,1,32768,10,32720,59951855,60692954
45,54,3.16,2,65544,10,65031,1,16,35508973,36294998
77,141,3.16,1,8,5,26176,2,17,118664707,118967932
29,32,3.16,1,8,10,130720,1,16,87133775,86666876
17,16,3.16,1,8,2,66,5,39456,50172741,48387880
28,45,3.16,2,272,10,130720,1,4,111809630,111940549
100,118,3.16,4,35344,5,95232,2,192,128706787,128563801
98,119,3.16,4,70160,5,60416,2,192,128706787,128563801
99,116,3.16,4,41488,5,89088,2,192,128706787,128563801
99,118,3.16,4,74256,5,56320,2,192,128706787,128563801
96,112,3.16,4,49680,5,80896,2,192,128706787,128563801
99,117,3.16,4,98832,5,31744,2,192,128706787,128563801
20,21,3.16,2,1040,10,129804,1,1,118670992,118836228
18,23,3.16,2,2064,5,58112,2,6,119055421,119207490
10,12,3.16,2,16400,5,15104,2,98304,9455484,9290627
18,20,3.16,2,160,5,79,2,98304,126871415,126601410
12,12,3.16,2,288,10,130752,1,4,302615,796486
66,126,3.16,2,544,10,32204,1,16,125807040,126085299
82,99,3.16,2,544,10,130062,1,16,102366131,102495891
74,125,3.16,3,66592,10,64393,1,16,126147154,134124358
37,45,3.16,2,1056,10,129802,1,16,20633340,20408378
100,177,3.16,5,59424,5,71424,2,12,82822058,82995464
100,177,3.16,5,92192,5,38656,2,12,82822058,82995464
63,124,3.16,2,2080,10,30668,1,16,126147154,134124358
76,91,3.16,2,2080,10,128526,1,16,102258715,102596140
69,131,3.16,2,4128,10,28620,1,16,125807040,126085299
78,96,3.16,2,4128,10,126478,1,16,107326980,108533394
63,121,3.16,2,8224,10,24524,1,16,126147154,134124358
99,129,3.16,2,65568,5,40974,2,144,107326980,108533394
17,16,3.16,1,32,5,114694,2,272,13991325,14293815
14,18,3.16,2,320,10,91822,1,16,64586199,64889176
10,11,3.16,2,320,10,130566,1,16,11901546,10824115
10,9,3.16,2,576,10,126122,1,16,10316989,10041772
24,23,3.16,2,4160,5,2728,2,98304,10345820,10765318
15,25,3.16,2,32832,10,97830,1,16,11058976,11864590
47,89,3.16,2,65600,5,33164,2,17,71812159,72141955
38,37,3.16,1,64,1,32,10,130817,16625156,16145609
10,10,3.16,2,384,10,130656,1,4,238072,637334
22,23,3.16,3,4736,5,27904,2,6,59854255,60011367
21,22,3.16,3,9344,5,23296,2,6,59854255,60011367
54,80,3.16,2,2176,10,128519,1,16,36452743,36367678
10,9,3.16,2,2176,10,128801,1,2,17373969,17531684
22,23,3.16,3,12416,5,20224,2,6,59854255,60011367
53,84,3.16,2,4224,10,126471,1,16,36452743,36367678
56,85,3.16,2,8320,10,122375,1,16,36506757,36306818
10,9,3.16,2,8320,10,122657,1,2,17373969,17531684
52,79,3.16,2,16512,10,114183,1,16,36452743,36367678
54,85,3.16,2,32896,10,97799,1,16,36452743,36367678
54,85,3.16,2,65664,10,65031,1,16,36506757,36306818
74,119,3.16,1,128,10,130817,1,64,14487353,14925085
14,18,3.16,4,82688,5,48128,2,18,118306172,119162960
33,36,3.16,2,768,5,31744,2,17,11046099,11864590
96,455,3.16,2,768,5,31744,2,20,6521454,6701038
44,65,3.16,4,99584,5,31232,2,80,105896367,107328573
32,35,3.16,2,2304,5,30208,2,17,11046099,11864590
34,37,3.16,2,8448,5,24064,2,17,11046099,11864590
45,70,3.16,4,114944,5,15872,2,80,105896367,107328573
11,10,3.16,1,256,2,65664,5,3079,68225091,68041736
15,19,3.16,1,256,5,26768,2,98304,12284985,12120645
44,88,3.16,2,33280,5,90432,2,17,72063882,72134344
12,13,3.16,3,14336,1,1024,10,66047,104894810,105732843
53,98,3.16,1,2048,5,30208,2,17,72141955,71967085
86,147,3.16,3,106496,5,24064,2,17,118921152,119178589
25,24,3.16,1,16384,10,100606,1,256,72699120,72853746
25,24,3.16,1,32768,5,110,2,17,119536836,120042486
34,50,3.16,1,65536,1,32768,10,2559,73663954,73965505
84,96,3.00,4,1283,9,129548,1,64,102967585,107328573
84,96,3.00,4,65795,9,65036,1,64,104578396,105893339
98,119,3.00,4,66563,9,64268,1,64,105960340,107328573
11,10,3.00,4,1061,9,129794,1,16,95524341,96076447
42,54,3.00,3,517,9,129066,1,16,117924265,117859841
38,50,3.00,3,2053,9,127530,1,16,117924265,117859841
41,51,3.00,3,8197,9,121386,1,16,117924265,117859841
40,52,3.00,3,16389,9,113194,1,16,117924265,117859841
50,63,3.00,2,5,9,65034,1,16,34999035,35444399
51,69,3.00,2,9,9,130816,1,128,128166725,128563801
46,58,3.00,2,9,9,65030,1,16,34642228,35549877
11,13,3.00,2,9,9,114182,1,16,11058976,11864590
15,14,3.00,2,17,9,100590,1,256,72707820,72853746
13,13,3.00,3,4129,9,25822,1,32768,6051620,6414643
33,39,3.00,2,33,9,32394,1,64,88307080,87832413
41,41,3.00,5,66433,9,64616,1,16,111691379,111472928
41,41,3.00,5,82305,9,48744,1,16,111691379,111472928
39,39,3.00,5,68225,9,62824,1,16,111739228,111940549
40,40,3.00,5,74369,9,56680,1,16,111495828,111635859
40,40,3.00,5,90241,9,40808,1,16,111495828,111635859
41,41,3.00,5,83201,9,47848,1,16,111691379,111472928
40,40,3.00,5,86273,9,44776,1,16,111739228,111940549
69,137,3.00,2,513,9,130320,1,64,14485260,14925085
40,40,3.00,5,91137,9,39912,1,16,111495828,111635859
70,134,3.00,2,1025,9,129808,1,64,14485260,14925085
10,12,3.00,2,2049,1,32,9,45910,47735009,48168714
65,128,3.00,2,2049,9,128784,1,64,14485260,14925085
39,39,3.00,5,94209,9,36840,1,16,111739228,111940549
69,134,3.00,2,4097,9,126736,1,64,14485260,14925085
66,127,3.00,2,8193,9,122640,1,64,14485260,14925085
65,126,3.00,2,16385,9,114448,1,64,14503295,14925085
14,16,3.00,2,32769,9,81422,1,16,11058976,11864590
24,33,3.00,3,70,9,111273,1,16,58343552,82867739
20,23,3.00,5,1130,9,127876,1,16,58343552,82867739
19,20,3.00,6,41066,9,87941,1,16,58343552,82867739
21,24,3.00,5,16490,9,112516,1,16,58343552,82867739
34,54,3.00,2,18,3,13,3,98560,6258627,16761138
99,158,3.00,2,34,3,32780,3,208,105893339,107328573
20,19,3.00,3,578,9,116924,1,256,72707820,72853746
64,106,3.00,2,258,9,130568,1,128,128770455,128125061
66,110,3.00,2,514,9,130312,1,128,128770455,128125061
66,114,3.00,2,1026,9,129800,1,128,128770455,128125061
50,71,3.00,2,1026,9,64013,1,16,35512335,36294998
67,111,3.00,2,2050,9,128776,1,128,128169718,128563801
66,112,3.00,2,4098,9,126728,1,128,128150208,128563801
51,71,3.00,2,4098,9,60941,1,16,35512335,36294998
66,112,3.00,2,8194,9,122632,1,128,128169718,128563801
17,20,3.00,2,8194,9,23276,1,65536,9187861,9487699
69,118,3.00,2,32770,9,98056,1,128,128770455,128125061
68,119,3.00,2,65538,9,65288,1,128,128770455,128125061
38,53,3.00,3,524,9,129059,1,16,117742324,117899082
21,20,3.00,3,580,9,116922,1,256,72707820,72853746
14,17,3.00,2,260,9,83690,1,16,64663901,64889176
42,59,3.00,3,10244,9,120355,1,16,118009926,118507177
49,88,3.00,2,32772,9,97864,1,1,118921152,119178589
15,28,3.00,2,32772,9,97858,1,16,11058976,11864590
50,66,3.00,2,65540,9,64035,1,16,118003682,118507177
53,66,3.00,1,4,1,8,9,98064,73690369,73880589
90,147,3.00,1,4,1,8,9,32656,33363494,33180352
27,38,3.00,2,24,9,32517,1,64,14566047,14925085
10,9,3.00,3,328,3,164,3,1041,47776518,48002737
36,41,3.00,2,136,9,124706,1,16,20153636,20621128
27,29,3.00,2,520,3,6176,3,98560,9455484,9290627
18,24,3.00,2,2056,9,128518,1,16,10828987,11864590
10,13,3.00,2,4104,9,28514,1,16,20153636,20621128
11,12,3.00,2,8200,3,18434,3,65808,9864327,10351083
24,23,3.00,2,32776,3,65542,3,400,14277173,13987134
17,23,3.00,2,32776,9,97798,1,16,10889543,11918691
23,22,3.00,2,65544,3,32774,3,400,14277173,13987134
77,99,3.00,1,8,9,32672,1,16,111736479,111472928
88,146,3.00,1,8,1,4,9,32656,33372882,33718816
19,18,3.00,2,528,9,100590,1,256,72707820,72853746
67,133,3.00,2,528,9,130305,1,64,14690891,14925085
64,125,3.00,2,2064,9,128769,1,64,14690891,14925085
34,42,3.00,2,16400,9,114496,1,1,118670992,118836228
66,128,3.00,2,16400,9,114433,1,64,14697224,14925085
21,20,3.00,3,608,9,116894,1,256,72707820,72853746
36,45,3.00,2,160,9,130816,1,64,18622819,18728553
37,53,3.00,2,288,3,8832,3,22,108562458,108095235
90,142,3.00,2,288,9,130576,1,8,82822058,82995464
42,48,3.00,2,544,9,130312,1,16,20633340,20408378
37,42,3.00,2,4128,9,126728,1,16,20633340,20408378
16,19,3.00,2,32800,3,200,3,5136,47873294,48042247
49,69,3.00,2,32800,9,98112,1,16,35508973,36294998
23,30,3.00,2,65568,9,65408,1,16,108516276,108095235
41,44,3.00,2,65568,9,65034,1,16,20412711,134095221
21,23,3.00,1,32,9,112141,1,16,7123162,7730590
12,12,3.00,3,832,9,130208,1,4,506477,251758
37,49,3.00,2,320,9,130592,1,16,35508973,36294998
10,11,3.00,3,16960,9,79022,1,256,47406304,47442424
16,27,3.00,2,2112,9,128518,1,16,11058976,11864590
10,9,3.00,2,8256,9,52906,1,16,9886493,10327632
14,23,3.00,2,65600,9,65030,1,16,11058976,11864590
52,125,3.00,1,64,3,25088,3,49,118921152,119178589
10,9,3.00,1,64,1,2,9,130576,30946476,30345683
10,9,3.00,1,64,1,1,9,113552,19773488,19613084
35,43,3.00,3,1408,9,129608,1,1,118755886,119193766
49,81,3.00,2,640,9,130051,1,16,35670009,36533414
43,56,3.00,3,5248,9,125706,1,16,102139134,102980208
54,87,3.00,2,1152,9,129539,1,16,36506757,36306818
49,61,3.00,2,4224,9,126784,1,1,118234033,118463741
13,15,3.00,2,32896,3,49,3,25600,43872724,43604394
13,14,3.00,2,65792,9,65030,1,16,10877390,11864590
21,23,3.00,1,256,9,32480,1,16,75184580,75238475
16,15,3.00,1,256,9,122990,1,16,8264040,8614923
20,19,3.00,1,512,3,33808,3,100,55850609,55866000
29,40,3.00,1,1024,9,129696,1,16,87134513,86666876
17,16,3.00,1,2048,9,63392,1,16,32371147,32812399
28,32,3.00,1,2048,3,8768,3,98305,12106431,12297708
14,13,3.00,2,36864,9,75626,1,16,17495261,17424077
16,15,3.00,1,4096,9,61344,1,16,32371147,32812399
37,57,3.00,1,8192,3,34304,3,400,7706060,7534182
25,31,3.00,2,49152,1,65536,9,511,73880589,74204341
16,15,3.00,1,16384,9,49056,1,16,32371147,32812399
27,38,3.00,1,65536,9,65184,1,16,87040276,86666876
31,41,2.83,2,9,8,32516,1,64,14566047,14925085
28,39,2.83,2,33,8,122624,1,2,18622819,18728553
15,17,2.83,2,129,4,106,2,98304,126589139,126874702
96,124,2.83,4,67841,8,62986,1,64,104578396,105893339
69,99,2.83,2,257,8,130560,1,128,128269382,128454283
62,85,2.83,2,257,8,130560,1,2,17294708,17373969
70,107,2.83,2,513,8,130304,1,128,128635721,128563801
18,20,2.83,2,513,4,30720,2,98304,9187861,9487699
70,111,2.83,2,1025,8,129792,1,128,128635721,128563801
11,13,2.83,2,1025,8,129792,1,2,118889492,119193766
95,121,2.83,2,1025,8,129792,1,64,17306572,20384984
70,109,2.83,2,2049,8,128768,1,128,128635721,128563801
71,112,2.83,2,4097,8,126720,1,128,128598502,128563801
70,109,2.83,2,8193,8,122624,1,128,128598502,128563801
21,24,2.83,2,8193,8,122624,1,2,119015870,119193766
37,45,2.83,2,8193,8,24326,1,16,60670324,61128911
87,110,2.83,2,8193,8,122372,1,16,34642228,35549877
68,101,2.83,2,16385,8,114432,1,128,128635721,128563801
89,111,2.83,2,16385,8,114180,1,16,34642228,35549877
72,109,2.83,2,32769,8,98048,1,128,128183289,128563801
74,112,2.83,2,65537,8,65280,1,128,128598502,128563801
15,14,2.83,1,1,4,178,2,98304,12268251,12115732
60,72,2.83,1,1,2,10,4,432,7377380,7730590
100,124,2.83,5,11522,8,119309,1,64,102978851,107328573
58,81,2.83,2,514,8,64524,1,16,35512335,36294998
54,75,2.83,2,2050,8,62988,1,16,35512335,36294998
17,20,2.83,2,4098,8,10988,1,65536,9487699,9339604
55,76,2.83,2,8194,8,56844,1,16,35512335,36294998
55,75,2.83,2,16386,8,48652,1,16,35512335,36294998
18,17,2.83,1,2,2,72,4,35360,50172741,48387880
96,140,2.83,1,2,1,8,8,27120,8007959,16761138
54,133,2.83,2,132,4,106,2,17,72164926,72396812
54,62,2.83,2,260,8,130560,1,16,35407051,35237068
51,70,2.83,3,8708,8,121890,1,16,117964406,117742324
20,34,2.83,2,2052,8,128514,1,16,11058976,11864590
64,79,2.83,2,32772,8,97800,1,16,35508973,36294998
35,60,2.83,2,65540,8,60066,1,16,69479409,69062671
18,30,2.83,2,65540,8,65026,1,16,11058976,11864590
42,56,2.83,1,4,1,8,8,65040,123753384,123760725
21,21,2.83,1,4,1,2,8,81169,74964693,74657786
42,50,2.83,1,4,2,160,4,98321,19102058,19541322
55,85,2.83,1,4,8,32513,1,64,13483730,20384984
13,12,2.83,2,24,4,14848,2,98304,9191062,9487699
23,25,2.83,2,72,1,128,8,127745,56575341,55702877
52,121,2.83,2,136,4,102,2,17,72159448,72354141
34,35,2.83,2,16392,8,114208,1,16,22362391,22855108
53,69,2.83,2,32776,8,32262,1,16,35508973,36294998
15,14,2.83,1,8,1,4,8,111889,86337012,86503173
16,16,2.83,1,8,2,6,4,4369,74977788,75293848
10,10,2.83,1,8,1,4,8,32513,44562669,44328972
10,12,2.83,2,48,8,82575,1,256,47296010,47869538
13,14,2.83,2,144,8,124422,1,4096,66201456,66445270
13,12,2.83,3,2320,4,13824,2,6,59375292,59436090
95,346,2.83,2,528,8,32129,1,64,58361952,57508448
34,55,2.83,2,2064,8,128768,1,4,111733008,111940549
26,25,2.83,2,2064,8,98542,1,256,72707820,72853746
34,43,2.83,2,4112,8,126720,1,1,118670992,118836228
39,45,2.83,2,32784,8,98048,1,1,118664707,118967932
34,38,2.83,2,65552,8,65280,1,1,119207490,119055421
11,12,2.83,2,65552,4,169,2,17408,43872724,43604394
67,100,2.83,1,16,2,4608,4,78,18743485,18656314
21,20,2.83,1,16,4,225,2,5120,17301618,20384984
12,11,2.83,2,160,1,8,8,47889,56310842,56348067
10,9,2.83,2,288,1,128,8,95824,47840233,48042247
43,55,2.83,2,288,8,130560,1,16,34642228,35549877
27,34,2.83,2,2080,8,96128,1,16,108558602,107987612
38,43,2.83,2,2080,8,63240,1,16,20633340,20408378
25,30,2.83,2,32800,8,96128,1,16,108562458,108095235
99,138,2.83,2,32800,4,65550,2,144,102426410,102577874
50,68,2.83,2,65568,8,65280,1,16,35407051,35237068
19,23,2.83,2,192,1,4,8,114192,3394411,3014408
11,12,2.83,2,320,8,99855,1,16,113153650,112472251
10,11,2.83,3,4672,8,90286,1,256,47406304,47442424
16,15,2.83,1,64,2,10,4,35360,50172741,48387880
23,25,2.83,1,64,4,98344,2,17,20671574,22282889
42,62,2.83,2,1152,8,129792,1,64,18640765,18728553
19,19,2.83,2,1152,8,31306,1,16,9182395,9487699
18,19,2.83,3,10368,8,21102,1,65536,8712798,9335116
40,56,2.83,2,2176,8,124736,1,1,118889492,119193766
38,56,2.83,2,2176,8,128768,1,64,18352847,18728553
99,161,2.83,2,4224,8,93984,1,16,111969262,111751868
22,23,2.83,3,24704,8,6766,1,16,8712798,9335116
40,53,2.83,2,8320,8,122624,1,64,18833880,18141921
47,63,2.83,2,16512,8,114432,1,16,102299281,102596140
36,52,2.83,2,16512,8,114432,1,64,18640765,18728553
35,40,2.83,2,32896,8,32544,1,16,108562458,108095235
39,44,2.83,2,65664,8,65280,1,16,20630789,20408378
30,44,2.83,1,128,8,97824,1,16,87040276,86666876
50,71,2.83,1,128,1,32,8,97808,73949691,73681306
15,14,2.83,1,128,2,10,4,35360,50361901,48387880
66,85,2.83,1,128,8,130560,1,16,34914992,35444399
25,40,2.83,1,128,1,512,8,98591,27482892,27493302
12,11,2.83,1,128,2,72,4,98321,12619023,12925121
17,18,2.83,1,128,8,102927,1,16,7694664,7596418
85,98,2.83,5,72448,4,58368,2,20,20499209,20408378
86,119,2.83,5,76544,4,54272,2,6,20406441,129149912
90,103,2.83,5,86784,4,44032,2,20,20411128,129149912
20,22,2.83,3,17664,4,14848,2,20,13483730,20384984
83,96,2.83,5,88320,4,42496,2,20,20411128,129149912
95,463,2.83,3,20736,4,11776,2,20,6521454,6701038
13,12,2.83,2,33024,8,79464,1,16,17535797,17406359
53,81,2.83,2,2560,4,29696,2,17,10889543,11918691
70,102,2.83,2,4608,4,27648,2,17,10889543,11918691
20,19,2.83,2,66048,8,34942,1,256,72746455,72853746
11,11,2.83,1,512,8,106606,1,256,1290711,1531134
100,205,2.83,2,3072,4,29184,2,72,14920828,14520477
86,145,2.83,2,66560,8,64257,1,64,14749142,14925085
24,29,2.83,1,1024,8,31456,1,16,75293848,75155091
94,128,2.83,1,1024,4,14848,2,17,11893170,10828987
49,67,2.83,2,18432,4,13824,2,17,11831940,10824115
56,87,2.83,2,12288,4,19968,2,17,10889543,11918691
44,70,2.83,1,4096,8,28198,1,16,69479409,69062671
63,87,2.83,2,24576,4,7680,2,17,11980473,12297708
19,20,2.83,1,16384,4,74768,2,6,55850609,55866000
42,42,2.83,1,32768,1,65536,8,32273,96243653,98891076
49,54,2.83,1,32768,8,97800,1,64,88330477,87832413
59,137,2.83,1,32768,8,98048,1,16,60634490,60931374
12,12,2.65,4,15,7,32032,1,16,95524341,96076447
10,9,2.65,2,129,7,106526,1,4096,58933626,59227464
12,13,2.65,3,2305,7,128512,1,2,118899764,118663508
12,12,2.65,3,16641,7,114176,1,2,118899764,118663508
19,21,2.65,3,2561,7,128256,1,2,118899764,118663508
15,17,2.65,3,4609,7,126208,1,2,118889492,119193766
50,92,2.65,2,513,7,130048,1,16,36506757,36306818
91,115,2.65,2,513,7,64516,1,16,34999035,35444399
15,16,2.65,2,513,7,113668,1,16,11058976,11864590
35,43,2.65,2,1025,7,31490,1,16,60670324,61128911
15,17,2.65,3,6145,7,124672,1,2,118889492,119193766
11,12,2.65,3,18433,7,112384,1,2,118899764,118663508
90,111,2.65,2,2049,7,62980,1,16,34642228,35549877
15,16,2.65,2,2049,7,112132,1,16,11058976,11864590
49,60,2.65,2,32769,7,97792,1,64,105950736,107328573
10,9,2.65,1,1,1,64,7,104848,19773488,19613084
10,9,2.65,3,1042,7,65773,1,16384,123750182,123760725
41,46,2.65,2,34,7,106700,1,16,66460823,66625725
10,9,2.65,2,130,7,106525,1,4096,58933626,59227464
100,125,2.65,5,3842,7,126988,1,64,102978851,107328573
100,125,2.65,5,19714,7,111116,1,64,102978851,107328573
11,12,2.65,2,258,7,99909,1,16,113153650,112472251
66,206,2.65,3,2562,7,128256,1,16,6517904,6809485
65,205,2.65,3,4610,7,126208,1,16,6517904,6809485
65,198,2.65,3,8706,7,122112,1,16,6517904,6809485
64,199,2.65,3,16898,7,113920,1,16,6517904,6809485
32,37,2.65,2,514,7,97536,1,16,17297349,17373969
17,22,2.65,2,514,7,14444,1,65536,9487699,9339604
67,201,2.65,3,3074,7,127744,1,16,6737698,6642831
66,200,2.65,3,5122,7,125696,1,16,6737698,6642831
64,193,2.65,3,9218,7,121600,1,16,6737698,6642831
65,196,2.65,3,17410,7,113408,1,16,6737698,6642831
69,219,2.65,3,6146,7,124672,1,16,6737698,6642831
67,205,2.65,3,10242,7,120576,1,16,6517904,6809485
82,232,2.65,3,18434,7,112384,1,16,6517904,6809485
70,187,2.65,3,67586,7,63232,1,16,6517904,6809485
11,13,2.65,2,2050,7,108037,1,16,113669502,114309428
66,204,2.65,3,12290,7,118528,1,16,6517904,6809485
68,211,2.65,3,20482,7,110336,1,16,6517904,6809485
67,184,2.65,3,69634,7,61184,1,16,6517904,6809485
66,182,2.65,3,73730,7,57088,1,16,6517904,6809485
10,11,2.65,2,8194,7,82616,1,256,47424405,47442424
68,184,2.65,3,81922,7,48896,1,16,6517904,6809485
49,89,2.65,1,2,7,32512,1,16,60893529,60868962
80,104,2.65,2,516,7,64520,1,16,35506852,36294998
69,89,2.65,2,1028,7,64008,1,16,35506852,36294998
67,145,2.65,2,4100,7,28424,1,16,125798950,126085299
53,76,2.65,2,4100,7,125472,1,16,118008943,118550586
72,90,2.65,2,4100,7,60936,1,16,35508973,36294998
25,41,2.65,2,4100,7,28226,1,16,11058976,11864590
75,94,2.65,2,16388,7,48648,1,16,35506852,36294998
60,67,2.65,2,65540,7,65024,1,16,35107641,35158198
25,25,2.65,1,4,1,64,7,97281,75633782,75847345
51,69,2.65,1,4,7,32258,1,16,60668138,61128911
10,9,2.65,2,136,7,106519,1,4096,58933626,59227464
10,9,2.65,2,264,7,33510,1,16,113161998,112472251
92,156,2.65,3,33288,7,97536,1,128,128737111,128066938
10,14,2.65,2,520,7,32002,1,16,20153636,20621128
35,36,2.65,2,520,7,130048,1,16,22362391,22855108
93,155,2.65,3,33800,7,97024,1,128,128150208,128563801
59,83,2.65,2,1032,7,64004,1,16,35506852,36294998
48,55,2.65,2,1032,7,129536,1,16,20153636,20621128
96,161,2.65,3,34824,7,96000,1,128,128516124,128454283
65,87,2.65,2,2056,7,62980,1,16,35506852,36294998
10,14,2.65,2,2056,7,30466,1,16,20153636,20621128
37,38,2.65,2,2056,7,128512,1,16,22813366,22384539
93,159,2.65,3,36872,7,93952,1,128,128150208,128563801
64,85,2.65,2,4104,7,60932,1,16,35508973,36294998
34,35,2.65,2,4104,7,126464,1,16,22806805,22384539
33,43,2.65,2,4104,7,28166,1,16,10828987,11864590
10,11,2.65,2,8200,7,82610,1,256,47424405,47442424
66,87,2.65,2,8200,7,56836,1,16,35508973,36294998
50,54,2.65,2,8200,7,122368,1,16,20153636,20621128
12,11,2.65,2,32776,7,14114,1,16,17571646,18749216
47,65,2.65,1,8,7,32512,1,16,60876338,60868962
99,311,2.65,4,2448,7,30211,1,64,58376921,58910182
92,315,2.65,3,16528,7,16129,1,64,57471152,58277932
13,12,2.65,2,144,1,65536,7,15628,67808000,67980478
28,32,2.65,2,144,1,1,7,30214,43661857,125771974
92,302,2.65,3,1296,7,31361,1,64,58327975,57523967
98,313,2.65,3,4368,7,28289,1,64,58327975,57523967
100,303,2.65,3,8464,7,24193,1,64,58364722,57523967
94,327,2.65,3,16656,7,16001,1,64,58327975,57523967
93,165,2.65,3,33040,7,97792,1,8,83011812,82867739
56,147,2.65,3,1552,7,129025,1,64,62402451,62621078
54,142,2.65,3,2576,7,128001,1,64,62402451,62621078
63,160,2.65,3,8720,7,121857,1,64,62402451,62621078
97,322,2.65,3,17424,7,15233,1,64,58361952,57508448
67,137,2.65,2,1040,7,64001,1,64,14690891,14925085
95,319,2.65,3,20496,7,12161,1,64,58361952,57508448
66,136,2.65,2,4112,7,60929,1,64,14941545,14665951
96,317,2.65,3,24592,7,8065,1,64,58364722,57523967
38,48,2.65,2,8208,7,57088,1,1,118670992,118836228
60,161,2.65,2,32784,7,97792,1,64,62440971,62623717
16,15,2.65,1,16,1,2,7,32288,75616221,75847345
48,71,2.65,2,544,7,130048,1,16,35508973,36294998
52,72,2.65,2,1056,7,129536,1,16,35508973,36294998
54,76,2.65,2,2080,7,128512,1,16,35508973,36294998
50,69,2.65,2,4128,7,126464,1,16,35508973,36294998
93,156,2.65,2,8224,7,24448,1,16,111691379,111472928
52,72,2.65,2,8224,7,122368,1,16,35508973,36294998
55,75,2.65,2,16416,7,114176,1,16,35508973,36294998
29,39,2.65,1,32,7,32384,1,16,87133775,86666876
60,78,2.65,2,576,7,130048,1,16,35028872,35303375
67,72,2.65,2,576,7,49326,1,16,33735663,33375444
53,70,2.65,2,1088,7,129536,1,16,35028872,35303375
32,31,2.65,2,2112,7,98366,1,256,72707820,72853746
58,85,2.65,2,2112,7,128512,1,16,35028872,35303375
13,12,2.65,2,2112,7,50730,1,16,10316989,10041772
54,71,2.65,2,4160,7,126464,1,16,35028872,35303375
57,77,2.65,2,8256,7,122368,1,16,35028872,35303375
61,81,2.65,2,16448,7,114176,1,16,34914992,35444399
56,83,2.65,2,32832,7,97792,1,16,34642228,35549877
69,77,2.65,2,32832,7,82478,1,16,33371298,33751585
52,75,2.65,2,65600,7,65024,1,16,35028872,35303375
44,52,2.65,2,640,7,97536,1,16,20630789,20408378
40,49,2.65,2,1152,7,97024,1,16,20380526,27385507
38,44,2.65,2,2176,7,96000,1,16,20630789,20408378
40,46,2.65,2,4224,7,93952,1,16,20630789,20408378
43,52,2.65,2,8320,7,89856,1,16,20630789,20408378
44,50,2.65,2,16512,7,81664,1,16,20630789,20408378
12,11,2.65,2,16512,7,109313,1,2,17373969,17531684
13,12,2.65,2,32896,7,16160,1,16,59638039,60011367
10,9,2.65,2,32896,7,73759,1,4096,58933626,59227464
10,9,2.65,2,65664,7,40991,1,4096,58933626,59227464
20,21,2.65,2,33024,7,97792,1,16,11808506,11373410
92,340,2.65,2,65792,7,65024,1,16,6527318,6701038
27,31,2.65,1,256,7,65024,1,16,87134513,86666876
85,161,2.65,1,256,7,65024,1,64,14676922,14925085
55,64,2.65,1,512,7,97288,1,64,88312479,87832413
31,46,2.65,1,512,7,31904,1,16,87132646,86666876
18,17,2.65,1,512,7,32128,1,16,32371147,32812399
92,154,2.65,2,33792,7,97024,1,64,14718647,14925085
18,17,2.65,1,1024,7,31616,1,16,32371147,32812399
93,153,2.65,2,69632,7,61184,1,64,13983152,14293815
18,17,2.65,1,8192,7,24448,1,16,32371147,32812399
11,11,2.65,1,8192,7,33390,1,256,1542988,1327920
17,16,2.65,1,16384,1,512,7,247,111102430,110581764
25,37,2.65,1,32768,7,97792,1,32,67017273,67170199
17,16,2.65,1,65536,7,33006,1,16,120042486,120084040
59,147,2.65,1,65536,7,32512,1,16,60634490,60931374
12,11,2.45,4,39,6,30984,1,16,95524341,96076447
17,17,2.45,2,3,6,492,1,16384,124271371,124705011
39,70,2.45,2,3,2,12,3,98560,4533264,4389297
37,68,2.45,2,5,2,10,3,98560,4533264,4389297
10,11,2.45,3,41,6,82578,1,256,47287535,47459237
36,41,2.45,3,73,6,26662,1,16,117693103,117947089
20,20,2.45,2,9,6,486,1,16384,123925379,124493213
17,16,2.45,2,9,6,98530,1,16,20633340,20408378
47,83,2.45,2,9,2,6,3,98560,4533264,4389297
20,20,2.45,2,33,6,462,1,16384,123925379,124493213
10,10,2.45,2,33,6,109058,1,16,11812344,12297708
20,21,2.45,2,2049,3,12800,2,98304,9028593,10327632
19,21,2.45,2,32769,6,80640,1,2,119015870,119193766
12,15,2.45,2,65537,6,60160,1,2,118899764,118663508
45,48,2.45,1,1,3,14,2,272,33718816,33421451
46,63,2.45,2,34,3,76,2,272,33194085,33280371
15,17,2.45,2,130,6,16128,1,16,18212960,18815377
17,16,2.45,2,258,6,237,1,16384,124464663,124311650
10,11,2.45,2,8194,6,99905,1,16,112171642,113179877
30,38,2.45,2,8194,6,73472,1,16,17535797,17406359
12,15,2.45,2,16386,2,2056,3,65808,9864327,10351083
14,17,2.45,2,20,1,64,6,71048,118009926,118507177
11,12,2.45,2,20,6,42626,1,4096,66201456,66445270
21,21,2.45,2,68,3,32778,2,2064,112462908,113143652
93,187,2.45,2,68,3,42,2,17,71771565,71792643
36,41,2.45,2,68,6,98474,1,16,66477589,66600705
26,54,2.45,2,132,3,74,2,17,64897859,65029667
11,10,2.45,2,516,6,123906,1,256,319694,366943
78,98,2.45,2,2052,6,62976,1,16,35506852,36294998
20,21,2.45,2,2052,3,552,2,98304,9487699,9339604
75,95,2.45,2,8196,6,56832,1,16,35508973,36294998
27,44,2.45,2,8196,6,24066,1,16,11058976,11864590
21,22,2.45,1,4,6,116232,1,16,22820258,22384539
32,32,2.45,1,4,2,10,3,400,13983152,14293815
17,16,2.45,3,65576,6,455,1,16384,123944548,124493213
19,18,2.45,2,264,6,231,1,16384,124464663,124311650
71,98,2.45,2,520,6,31748,1,16,35506852,36294998
11,10,2.45,2,1032,6,33351,1,16,112461665,113143652
35,51,2.45,2,2056,6,30464,1,64,14566047,14925085
22,23,2.45,2,4104,3,2592,2,98304,9599755,10346735
15,16,2.45,2,8200,3,6656,2,98304,9182395,9487699
68,87,2.45,2,16392,6,15876,1,16,35506852,36294998
34,42,2.45,2,16392,6,15876,1,16,10828987,11864590
52,57,2.45,2,65544,6,62976,1,16,20153636,20621128
80,192,2.45,1,8,6,16128,1,16,126109565,125811869
70,124,2.45,1,8,3,70,2,32784,45124226,44974719
89,140,2.45,1,8,1,2,6,18864,7534182,7722000
37,60,2.45,3,33296,6,97280,1,64,92933130,94226366
37,50,2.45,2,528,6,62720,1,1,118573907,118967932
15,23,2.45,2,1040,6,29504,1,2,119015870,119193766
99,115,2.45,6,112656,3,17920,2,192,128737111,128066938
96,371,2.45,3,18448,6,14208,1,64,58361952,57508448
36,57,2.45,3,40976,6,89600,1,64,92933130,94226366
64,131,2.45,2,8208,6,24065,1,64,14690891,14925085
44,71,2.45,2,16400,3,9728,2,12,111725855,111635859
39,82,2.45,1,16,1,1,6,13574,65257988,65265021
39,44,2.45,2,96,6,98446,1,16,66460823,66625725
23,29,2.45,2,96,3,16528,2,98304,12301363,12115732
17,16,2.45,3,65696,6,335,1,16384,124271371,124705011
19,18,2.45,2,288,6,207,1,16384,124464663,124311650
11,11,2.45,2,288,1,128,6,22609,73690369,73880589
53,114,2.45,2,288,3,194,2,17,72155685,71956644
22,27,2.45,2,544,3,16528,2,98304,12106431,12297708
24,31,2.45,2,2080,6,62976,1,16,10828987,11864590
51,61,2.45,3,12320,6,118272,1,64,122578216,122928496
44,95,2.45,2,32800,3,448,2,17,72155685,71956644
98,191,2.45,1,32,2,69632,3,14,114309428,114314605
19,21,2.45,2,192,3,38,2,98304,126337472,126871415
12,15,2.45,2,192,1,32,6,36894,64063969,64083452
11,13,2.45,2,576,1,2048,6,36894,64076121,63974215
18,25,2.45,2,576,6,32000,1,16,20633340,20408378
18,24,2.45,2,1088,6,31488,1,16,20633340,20408378
19,25,2.45,2,2112,6,30464,1,16,20633340,20408378
11,13,2.45,2,2112,2,16392,3,304,9864327,10351083
17,23,2.45,2,4160,6,28416,1,16,20633340,20408378
17,23,2.45,2,8256,6,24320,1,16,20633340,20408378
19,18,2.45,2,8256,6,23176,1,65536,9864327,10351083
16,21,2.45,2,16448,6,16128,1,16,20633340,20408378
11,13,2.45,2,65600,6,34311,1,16,112171642,113179877
46,60,2.45,2,65600,3,44,2,272,33359384,33751585
15,14,2.45,2,65600,6,33194,1,16,20408378,27385507
65,82,2.45,1,64,6,430,1,16,131549291,130788655
70,168,2.45,1,64,6,16128,1,16,126104011,125811869
25,35,2.45,1,64,3,416,2,18,108561598,109964110
10,12,2.45,1,64,3,14,2,17,62688467,62793991
12,11,2.45,1,64,3,4640,2,17,17566156,16968559
53,126,2.45,2,384,3,98,2,17,71754581,71824326
80,161,2.45,2,4224,6,28416,1,16,125742248,125495019
28,29,2.45,2,4224,6,10856,1,65536,9182395,9487699
48,110,2.45,2,32896,3,352,2,17,71789862,71824326
90,103,2.45,5,78592,3,19456,2,20,20406441,129149912
51,59,2.45,3,33536,6,97280,1,16,20621128,20412711
46,92,2.45,2,768,3,41024,2,17,71680970,72141955
98,122,2.45,4,11520,3,20992,2,20,17306572,20384984
97,120,2.45,4,19712,3,12800,2,20,17306572,20384984
98,412,2.45,2,1280,6,96768,1,16,6521454,6701038
98,126,2.45,4,14592,3,17920,2,20,20637211,20143655
52,55,2.45,3,35072,6,95744,1,16,33276633,33751585
16,15,2.45,3,41216,3,67072,2,20,111152210,111324201
44,107,2.45,2,33024,3,65728,2,17,72157424,71956644
41,95,2.45,2,65792,3,32960,2,17,72149281,71956644
15,14,2.45,1,256,2,10,3,49,96483003,98891076
39,55,2.45,1,256,6,27232,1,16,69058168,69489024
58,137,2.45,2,4608,6,125952,1,16,36544428,36318302
58,140,2.45,2,8704,6,121856,1,16,36544428,36318302
79,118,2.45,2,8704,3,7168,2,17,11980473,12297708
53,110,2.45,2,16896,3,14336,2,17,71843375,72120471
57,131,2.45,2,16896,6,113664,1,16,36544428,36318302
52,126,2.45,2,33280,6,97280,1,16,35661549,36318302
31,50,2.45,2,33280,6,97280,1,16,10877390,11864590
43,81,2.45,2,66048,3,41216,2,17,72141955,71967085
58,137,2.45,2,66048,6,64512,1,16,36544428,36318302
70,129,2.45,4,23552,3,41472,2,17,118899764,118663508
63,156,2.45,2,9216,6,121344,1,16,36544428,36318302
64,149,2.45,2,17408,6,113152,1,16,36560567,36318302
27,27,2.45,2,33792,1,65536,6,215,111301120,111173795
59,139,2.45,2,33792,6,96768,1,16,36544428,36318302
52,76,2.45,1,1024,6,31236,1,16,69479409,69062671
42,59,2.45,1,1024,2,66048,3,400,7715345,7590456
72,130,2.45,4,30720,3,34304,2,17,118463741,119193766
56,80,2.45,2,10240,3,5632,2,17,10889543,11918691
15,19,2.45,3,83968,6,46848,1,2,118046980,118441835
31,47,2.45,2,34816,6,95744,1,16,10889543,11918691
31,30,2.45,2,67584,6,32878,1,256,72748221,72853746
12,11,2.45,1,2048,6,32878,1,16,119880917,119604322
33,49,2.45,1,2048,6,30336,1,16,87134513,86666876
96,157,2.45,2,36864,6,93696,1,64,13983152,14293815
30,47,2.45,2,36864,6,93696,1,16,10877390,11864590
53,69,2.45,2,69632,6,60928,1,64,122711929,122929487
63,150,2.45,2,69632,6,60928,1,16,36452743,36367678
33,47,2.45,2,69632,6,60928,1,16,10889543,11918691
97,193,2.45,1,4096,3,25088,2,17,72149281,71956644
64,157,2.45,2,73728,6,56832,1,16,36287440,36533414
15,14,2.45,1,8192,1,32,6,38161,68325190,68268252
35,37,2.45,1,8192,2,1040,3,100,55555883,55562417
96,158,2.45,2,49152,6,81408,1,64,14710482,14925085
53,75,2.45,2,81920,6,48640,1,64,122643473,122928496
92,155,2.45,2,81920,6,48640,1,64,14749142,14925085
32,46,2.45,1,16384,6,77440,1,16,87133775,86666876
21,20,2.45,1,16384,2,96,3,273,68025362,68041736
29,42,2.45,1,32768,6,32256,1,16,87033960,86666876
11,11,2.45,1,32768,2,10,3,273,74977788,75293848
91,227,2.45,1,32768,1,65536,6,222,18651437,18415087
30,36,2.45,1,65536,2,1040,3,100,55683470,56510296
11,11,2.24,4,45,5,22786,1,16,95524341,96076447
12,14,2.24,2,65,5,33294,1,16,112832989,112472251
14,17,2.24,2,65,5,174,1,256,47406304,47442424
17,16,2.24,2,65,5,32938,1,16,20633340,20408378
13,15,2.24,3,769,5,124928,1,2,118899764,118663508
11,10,2.24,2,2049,1,8,5,1840,10346735,10765318
35,41,2.24,2,34,5,460,1,16,18548593,20384984
13,12,2.24,3,194,5,98348,1,16,9759056,10327632
22,25,2.24,2,514,5,99333,1,16,112461665,113143652
13,15,2.24,2,1026,5,98881,1,16,112461665,113143652
33,40,2.24,2,1026,5,15104,1,16,17259362,17373969
62,65,2.24,2,65538,5,32876,1,256,72951090,72579684
70,80,2.24,2,65538,5,32876,1,16,33412399,33751585
22,25,2.24,1,2,1,64,5,31744,75511431,76034974
76,105,2.24,1,2,5,31744,1,64,13688800,14280085
38,58,2.24,1,2,5,15872,1,16,11802627,11373410
11,11,2.24,3,196,5,98346,1,16,9759056,10327632
13,12,2.24,2,68,5,58370,1,256,408250,208548
11,11,2.24,2,1028,5,33347,1,16,112461665,113143652
59,61,2.24,2,65540,5,32874,1,256,72720618,72853746
12,11,2.24,2,65540,5,50690,1,256,319694,366943
26,31,2.24,1,4,1,64,5,110608,126601410,126871415
10,9,2.24,2,136,5,27649,1,64,87849170,88342398
43,62,2.24,2,520,5,31744,1,64,14566047,14925085
42,61,2.24,2,1032,5,31232,1,64,14566047,14925085
35,38,2.24,2,2056,1,32,5,99585,9295151,9487699
40,57,2.24,2,4104,5,28160,1,64,14566047,14925085
43,62,2.24,2,8200,5,24064,1,64,14566047,14925085
43,62,2.24,2,16392,5,15872,1,64,14566047,14925085
55,57,2.24,2,65544,5,32870,1,256,72974654,72610355
14,20,2.24,2,48,1,64,5,71040,118049883,118479721
23,27,2.24,2,144,5,43776,1,1,118573907,118967932
38,64,2.24,2,528,5,31744,1,4,111725855,111635859
12,13,2.24,2,160,1,64,5,13569,67844465,67980478
15,21,2.24,2,160,5,98318,1,16,9759056,10327632
44,50,2.24,2,32800,5,90632,1,16,20633340,20408378
55,57,2.24,2,65568,5,32846,1,256,72720618,72853746
30,36,2.24,2,576,5,23554,1,16,63955728,63940342
29,28,2.24,2,576,1,1024,5,98577,12921959,12398713
17,17,2.24,2,16448,5,10888,1,65536,10346735,10765318
53,55,2.24,2,65600,5,32814,1,256,72720618,72853746
32,89,2.24,1,64,1,512,5,65559,119142315,118979114
22,23,2.24,3,5248,5,27392,1,2,59854255,60011367
13,14,2.24,2,4224,5,66146,1,256,47420846,47442424
58,78,2.24,2,16512,5,44544,1,1,118234033,118463741
10,10,2.24,2,65664,5,121,1,16384,43872724,43604394
13,12,2.24,1,128,1,64,5,82449,99611535,98891076
12,12,2.24,1,128,5,110,1,256,1290711,1531134
53,57,2.24,4,34560,5,96256,1,16,33759678,33565873
31,33,2.24,4,68352,5,62464,1,16,32611047,33280371
93,422,2.24,3,24832,5,73216,1,16,6528239,6701038
68,113,2.24,2,16640,5,15872,1,1,71687045,72141955
10,9,2.24,2,33024,1,32,5,6225,73681306,73965505
54,56,2.24,1,256,5,27656,1,64,88103731,88066944
24,36,2.24,2,66048,5,58400,1,16,64786036,64889176
57,127,2.24,3,7168,5,123392,1,16,36452743,36367678
59,128,2.24,3,68608,5,61952,1,16,36509307,36306818
78,138,2.24,3,74752,5,55808,1,1,118463741,119193766
79,130,2.24,3,82944,5,47616,1,1,118463741,119193766
80,115,2.24,1,1024,5,31232,1,64,122943847,122930168
81,134,2.24,3,75776,5,54784,1,1,118046980,118441835
83,138,2.24,3,51200,5,79360,1,1,118134897,118365704
61,104,2.24,3,83968,5,46592,1,1,118463741,119193766
38,51,2.24,2,67584,5,30208,1,16,11897923,10889543
58,128,2.24,3,45056,5,85504,1,16,36452743,36367678
81,140,2.24,3,77824,5,52736,1,1,118463741,119193766
80,132,2.24,3,86016,5,44544,1,1,118463741,119193766
25,28,2.24,1,4096,5,28160,1,16,120554112,120382637
31,45,2.24,1,4096,5,59904,1,16,87048903,86666876
35,52,2.24,2,40960,5,24064,1,16,10877390,11864590
55,79,2.24,2,73728,5,55808,1,64,122801155,122461084
44,58,2.24,2,73728,5,24064,1,16,8707403,9335116
83,135,2.24,3,114688,5,15872,1,1,118899764,118663508
37,49,2.24,2,81920,5,15872,1,16,8707403,9335116
22,28,2.00,2,3,2,12,2,1280,47520426,47615268
11,12,2.00,2,5,4,16936,1,2,118899764,118663508
20,24,2.00,2,5,2,10,2,33024,47609628,47873294
100,373,2.00,2,17,4,2434,1,64,58357684,58910182
19,21,2.00,2,33,2,384,2,98304,126354243,126863332
47,53,2.00,2,32769,4,92160,1,4,17294708,17373969
26,30,2.00,1,1,4,29184,1,32,67154333,67267222
37,41,2.00,1,1,1,16,4,102,55425403,55414743
60,85,2.00,1,1,1,16,4,78,44640957,45116831
15,16,2.00,1,1,2,24,2,98304,12398713,12943279
20,35,2.00,2,6,2,136,2,4352,65754996,65666187
20,20,2.00,2,6,1,8,4,7424,1575170,1179982
16,15,2.00,2,6,4,115712,1,256,251758,796486
99,339,2.00,2,18,4,2181,1,64,58343552,82867739
21,23,2.00,2,130,4,108,1,16384,124467167,124294579
26,33,2.00,2,2050,2,16392,2,272,10340706,9860701
14,13,2.00,2,16386,4,99840,1,16,112171642,113179877
22,25,2.00,2,32770,4,66116,1,16,112461665,113143652
43,57,2.00,2,32770,4,65676,1,4096,66588161,66499330
21,20,2.00,1,2,2,12,2,2064,121075326,120382637
93,138,2.00,1,2,2,12,2,144,117722030,117947089
42,98,2.00,1,2,1,4,4,6416,64738281,64586199
20,21,2.00,1,2,1,8,4,17184,56348067,56412928
34,33,2.00,1,2,2,36,2,98304,12632513,12925121
86,303,2.00,2,20,4,2179,1,64,58341788,82867739
22,21,2.00,2,68,1,8,4,98321,12920267,12398713
11,11,2.00,2,260,4,33346,1,16,113156885,112472251
26,47,2.00,2,516,4,202,1,16,64663901,64889176
42,55,2.00,2,32772,4,65674,1,4096,66625725,66793951
16,15,2.00,1,4,4,424,1,16,32458023,32607647
42,48,2.00,1,4,4,8800,1,16,31530328,102980208
13,13,2.00,2,24,1,4,4,22016,77337052,77704958
15,14,2.00,2,40,1,64,4,98321,12619023,12925121
22,21,2.00,2,72,2,6,2,2064,112462908,113143652
28,33,2.00,2,72,4,166,1,16,19096923,19541322
64,121,2.00,1,8,2,68,2,4352,64543661,64889176
15,17,2.00,2,144,2,10,2,2304,47367516,47380949
45,54,2.00,1,16,2,160,2,98304,12398713,12943279
14,16,2.00,3,352,2,132,2,98304,126584794,126874702
26,25,2.00,2,96,1,8,4,98321,12921160,12398713
71,160,2.00,2,160,2,66,2,17,71789862,71824326
54,84,2.00,2,160,4,78,1,16,36299543,36533414
11,11,2.00,2,65568,4,153,1,16384,43872724,43604394
54,114,2.00,1,32,2,576,2,17,118767589,118755886
10,10,2.00,1,32,2,98304,2,144,111098942,110581764
32,37,2.00,1,32,1,128,4,65555,32628599,32455398
14,13,2.00,1,32,2,4160,2,17,17571646,18749216
50,51,2.00,1,32,1,64,4,7680,17265435,17495261
92,114,2.00,1,32,2,12,2,1040,8700568,9487699
18,19,2.00,2,192,1,8,4,37632,56348067,56412928
59,88,2.00,2,192,4,46,1,16,36299543,36533414
21,44,2.00,2,576,4,16518,1,16,64663901,64889176
10,11,2.00,2,2112,1,512,4,32794,64076121,63974215
30,32,2.00,2,2112,4,172,1,16,47599589,48136354
10,10,2.00,2,32832,1,65536,4,16532,110581764,111128269
51,111,2.00,2,32832,2,384,2,17,72157424,71956644
18,23,2.00,2,32832,1,8,4,5137,48130809,47790010
69,78,2.00,1,64,4,8864,1,16,111508289,111635859
43,67,2.00,1,64,2,36,2,272,93464293,93484808
41,44,2.00,1,64,1,32,4,5377,67808000,67980478
16,15,2.00,1,64,4,928,1,16,32411280,32812399
29,41,2.00,1,64,2,10,2,272,7702618,7109112
15,16,2.00,2,2176,4,26112,1,2,118037401,118398072
11,10,2.00,2,2176,4,58368,1,64,87851698,88241070
46,60,2.00,2,32896,4,65550,1,4096,66625725,66793951
42,48,2.00,2,32896,4,90624,1,16,20630789,20408378
46,75,2.00,1,128,4,2086,1,16,68783616,69489024
100,126,2.00,5,7936,2,24576,2,20,17306572,20384984
31,39,2.00,5,76544,4,54272,1,16,22849764,31531528
100,115,2.00,5,72960,4,57856,1,16,17373969,17531684
30,32,2.00,5,85248,4,45568,1,16,32604450,107328573
21,21,2.00,3,9472,4,23040,1,16,8707403,9335116
31,33,2.00,5,80128,4,50688,1,16,32611047,33280371
30,32,2.00,5,88320,4,42496,1,16,32604450,107328573
97,438,2.00,3,10496,4,22016,1,16,6655624,6701038
84,141,2.00,3,18688,4,13824,1,1,118129006,118224738
80,135,2.00,3,12544,4,19968,1,1,118463741,119193766
81,133,2.00,3,20736,4,11776,1,1,118306172,119162960
38,46,2.00,3,20736,4,11776,1,16,13299181,125462051
39,39,2.00,1,256,1,16,4,102,55850609,55866000
87,146,2.00,4,43520,4,87040,1,1,118134897,118365704
20,22,2.00,2,33280,1,65536,4,83,73674123,73965505
81,135,2.00,1,512,2,24576,2,65,122552851,122928496
82,135,2.00,4,44032,4,86528,1,1,118148289,118224738
80,142,2.00,4,46080,4,84480,1,1,118148289,118224738
80,131,2.00,4,54272,4,76288,1,1,118688335,118836228
75,93,2.00,1,1024,4,26632,1,64,88279443,88066944
26,47,2.00,1,1024,4,29184,1,32,67430416,67129147
80,132,2.00,4,47104,4,83456,1,1,118148289,118224738
10,10,2.00,3,14336,2,17408,2,17,10324486,9864327
25,27,2.00,1,2048,2,1040,2,36,55359774,55432517
86,117,2.00,4,61440,4,69120,1,64,105961706,107328573
71,81,2.00,1,4096,4,27648,1,64,88277046,88066944
32,57,2.00,1,4096,4,26112,1,8,777440,516362
75,104,2.00,4,122880,4,7680,1,64,105960340,107328573
15,14,2.00,2,40960,4,70912,1,16,17535797,17406359
35,52,2.00,1,8192,4,19072,1,16,87124414,86666876
88,175,2.00,1,8192,2,16896,2,17,72122107,72063882
43,75,2.00,1,16384,4,10756,1,16,68754623,69473843
44,100,2.00,2,98304,2,384,2,17,72149281,71956644
66,99,2.00,1,32768,4,29184,1,64,122470517,122748421
33,53,2.00,1,32768,4,26112,1,8,255154,366943
67,75,2.00,1,65536,4,27648,1,64,88279443,88066944
28,41,2.00,1,65536,4,29184,1,32,67151421,67267222
16,16,1.73,2,5,3,74,1,16,112832989,112472251
65,71,1.73,2,9,3,18434,1,64,88218075,88066944
14,15,1.73,2,17,3,138,1,256,47367516,47380949
21,22,1.73,2,129,3,296,1,16384,124189827,124411767
11,10,1.73,2,129,3,25600,1,64,88342398,87849170
13,12,1.73,2,32769,3,65548,1,16,14280085,13987134
11,11,1.73,1,1,3,14,1,256,1238908,1531134
10,11,1.73,3,14,3,65696,1,256,47424405,47442424
99,114,1.73,2,34,3,524,1,16,34906817,35444399
71,123,1.73,1,2,3,76,1,16,45011649,45116831
17,16,1.73,2,12,1,64,3,98320,12632513,12925121
25,45,1.73,2,20,3,11,1,256,4468221,6127386
42,55,1.73,2,132,3,32778,1,4096,66542423,66174408
65,99,1.73,2,132,3,74,1,16,36279812,36533414
15,15,1.73,3,33284,3,74,1,16,112461665,113143652
18,19,1.73,1,4,1,8,3,17409,76590779,76575353
27,29,1.73,3,168,3,70,1,16384,123925379,124493213
32,36,1.73,2,72,3,38,1,16,63872326,63787441
15,16,1.73,2,136,1,2,3,17409,76590779,76575353
59,94,1.73,2,136,3,38,1,16,36452743,36367678
17,22,1.73,2,264,3,1538,1,16,20692217,22282889
68,83,1.73,2,2056,3,17410,1,64,88307080,87832413
12,12,1.73,2,65544,1,32768,3,16528,111128269,110581764
24,25,1.73,1,8,1,4,3,273,121080115,120382637
49,73,1.73,1,8,3,38,1,16,68821594,69489024
16,18,1.73,1,8,3,416,1,16,32607647,105893339
19,20,1.73,2,144,3,9224,1,32,55915877,55902983
12,11,1.73,1,16,3,1030,1,2048,50060659,48387880
63,110,1.73,1,16,3,14,1,256,48130809,47790010
80,98,1.73,2,96,3,14,1,16,33183864,33718816
38,56,1.73,2,160,1,256,3,22,107980619,108533394
23,28,1.73,2,2080,1,8,3,5136,47337435,47748254
40,51,1.73,2,8224,3,18944,1,16,12105229,12297708
27,35,1.73,2,32800,3,74240,1,16,10837121,11864590
25,29,1.73,2,65568,3,41472,1,16,10837121,11864590
18,18,1.73,1,32,3,14,1,256,1317981,1531134
52,66,1.73,2,192,3,44,1,16,44640957,45116831
78,158,1.73,2,320,3,162,1,1,72159448,72354141
16,18,1.73,2,576,3,32774,1,16,112228470,113165530
47,58,1.73,1,64,3,14,1,16,102556741,102816150
29,40,1.73,1,64,3,4640,1,16,75248726,75142717
26,28,1.73,1,64,3,98336,1,8,14326127,14925085
43,59,1.73,3,896,3,57344,1,1,118822212,118794490
33,38,1.73,1,128,1,32,3,19,32625060,32455398
84,142,1.73,4,11008,3,21504,1,1,118129006,118224738
80,132,1.73,4,11520,3,20992,1,1,118129006,118224738
18,19,1.73,3,18688,3,67072,1,1,10316989,10041772
12,14,1.73,2,33024,1,65536,3,1041,47776518,48002737
20,19,1.73,1,256,3,100,1,16,120555905,120382637
99,194,1.73,3,18944,3,13312,1,64,14938809,14665951
12,12,1.73,3,18944,1,4096,3,49,9864327,10351083
45,69,1.73,1,512,1,65536,3,400,7702618,7109112
30,35,1.73,1,1024,3,25088,1,16,120554112,120382637
12,11,1.73,1,1024,3,22,1,2048,50060659,48387880
42,74,1.73,1,1024,3,25088,1,8,214544,506477
100,189,1.73,3,22528,3,9728,1,64,14920828,14520477
61,84,1.73,3,26624,3,5632,1,64,122552851,122928496
99,188,1.73,3,26624,3,5632,1,64,14941084,14665951
36,41,1.73,1,2048,3,20992,1,16,75057243,75234951
72,92,1.73,3,28672,3,3584,1,64,122648119,122928496
79,93,1.73,1,8192,3,19456,1,64,88320535,87832413
38,64,1.73,1,8192,3,17920,1,8,228241,238072
16,17,1.73,1,32768,3,14,1,16,121070295,120382637
45,75,1.73,1,32768,3,68096,1,16,69482599,69062671
39,40,1.73,1,32768,1,16,3,100,55683470,56510296
50,79,1.73,1,32768,1,65536,3,4113,10333823,9860701
15,17,1.73,1,32768,3,65546,1,256,1615301,1233911
48,58,1.41,3,13,2,34,1,16,117924265,117859841
16,17,1.41,3,137,2,34,1,256,47615268,48136354
40,54,1.41,2,33,2,192,1,4096,65206673,65265021
65,71,1.41,2,2049,2,16392,1,64,88167421,88066944
14,13,1.41,2,65537,2,32772,1,16,14284065,13987134
58,83,1.41,2,65537,2,32776,1,16,8321825,8577414
36,47,1.41,2,6,2,96,1,16,63789013,63885019
21,24,1.41,2,6,2,72,1,16,62688467,62793991
45,57,1.41,2,10,2,260,1,16,17531684,17406359
13,15,1.41,2,18,2,32896,1,4096,66201456,66445270
14,18,1.41,2,18,1,8,2,2304,47471663,47598011
19,22,1.41,2,34,1,8,2,2304,47424405,47442424
15,18,1.41,3,322,2,12,1,32768,126309539,126874702
21,23,1.41,2,66,2,12,1,16,112462908,113143652
66,101,1.41,2,130,2,12,1,16,36299543,36533414
20,22,1.41,2,65538,2,33280,1,16,112474462,113143652
70,84,1.41,1,2,2,40,1,16,19763727,19613084
18,21,1.41,2,36,1,8,2,2304,47367516,47380949
60,80,1.41,2,68,2,34,1,16,117693103,117947089
44,65,1.41,2,132,2,72,1,4096,65134495,65291061
12,11,1.41,2,260,1,2,2,69632,50060659,48387880
14,14,1.41,2,65540,2,32770,1,16,112228470,113165530
22,21,1.41,1,4,2,10,1,16,121080115,120382637
67,85,1.41,1,4,2,10,1,64,88277046,88066944
26,31,1.41,2,24,1,1024,2,36,55358089,55432517
18,24,1.41,2,24,1,2,2,2304,47367516,47380949
65,90,1.41,2,40,2,6,1,16,118211223,118365704
36,46,1.41,2,72,2,98304,1,1,82949950,82867739
50,60,1.41,2,136,2,36,1,16,8700568,9487699
53,60,1.41,2,32776,2,73728,1,16,20633340,20408378
28,49,1.41,2,48,1,128,2,12,111971099,111961297
34,52,1.41,2,272,2,8704,1,1,119182039,118990620
17,18,1.41,2,16400,1,2048,2,3,118306172,119162960
25,31,1.41,2,32784,1,1,2,6,43872724,43604394
24,30,1.41,1,16,2,20480,1,32,67019032,67249996
34,42,1.41,2,96,2,132,1,16,19091357,19541322
10,9,1.41,2,1056,1,2048,2,4112,47776518,48002737
51,62,1.41,1,32,1,64,2,65552,75085937,75238475
49,99,1.41,2,576,1,8192,2,17,71754581,71824326
18,19,1.41,2,32832,2,130,1,16,20633340,20408378
60,98,1.41,1,64,2,8704,1,16,60903608,60759789
67,90,1.41,1,64,1,32,2,17,32017237,31326729
16,17,1.41,1,64,2,12,1,256,1327920,1413151
42,46,1.41,1,128,2,96,1,16,75242240,75142717
59,68,1.41,1,128,2,96,1,16,32199958,32076650
71,97,1.41,1,256,2,6144,1,64,122478377,122855888
11,11,1.41,3,6656,1,16384,2,17,10324486,9864327
54,93,1.41,1,512,2,2052,1,16,69482599,69062671
26,33,1.41,2,3072,2,16896,1,16,10336102,9864327
27,53,1.41,1,1024,2,16896,1,16,64518882,64552016
35,46,1.41,1,1024,1,16,2,36,55402837,55414743
59,97,1.41,1,2048,2,516,1,16,69084805,69456405
42,56,1.41,1,4096,1,512,2,65552,75184580,75238475
24,24,1.41,1,4096,1,16,2,36,51366448,55407006
29,37,1.41,1,8192,2,1536,1,16,120554112,120382637
39,50,1.41,1,8192,2,16896,1,16,74647398,74977788
50,84,1.41,1,8192,2,2560,1,16,69062671,69489024
33,55,1.41,1,8192,2,16896,1,16,64518882,64552016
41,49,1.41,1,16384,2,8704,1,16,75155091,75293848
38,72,1.41,1,16384,2,1536,1,8,675922,698555
13,15,1.41,1,65536,2,32776,1,16,120208475,121070295
44,78,1.41,1,65536,1,32768,2,17,9744282,9591218
16,19,1.00,2,3,1,4,1,16,112228470,113165530
16,18,1.00,2,33,1,128,1,16,20621128,20412711
20,23,1.00,2,129,1,2,1,16,20621128,20412711
14,13,1.00,1,1,1,65536,1,4,66421100,66436956
61,68,1.00,1,1,1,8192,1,16,30964704,30345683
28,27,1.00,2,34,1,8,1,16,108095235,108339517
32,46,1.00,1,2,1,8,1,128,125272552,124820202
67,93,1.00,1,2,1,8,1,64,88277046,88066944
71,115,1.00,1,2,1,4,1,16,68678603,68857808
94,109,1.00,3,44,1,2,1,16,34899869,35444399
82,117,1.00,2,36,1,2,1,16,118252413,118463741
35,50,1.00,2,68,1,2,1,16,63789013,63885019
41,42,1.00,1,4,1,8,1,16,108522460,108339517
55,81,1.00,1,4,1,8,1,16,17531684,17406359
29,31,1.00,2,40,1,4,1,16,108516276,108095235
63,73,1.00,2,40,1,2,1,16,19756270,19613084
25,27,1.00,2,16392,1,2048,1,65536,9864327,10351083
87,139,1.00,1,8,1,4,1,4096,65593636,65772436
13,18,1.00,2,80,1,32768,1,256,64619647,64889176
10,11,1.00,2,144,1,8,1,16384,77348028,77791687
13,16,1.00,2,2064,1,64,1,65536,118306172,119162960
12,16,1.00,2,32784,1,64,1,256,64875844,66101845
54,71,1.00,2,96,1,16384,1,16,35303375,35035704
14,19,1.00,3,416,1,64,1,16,20380526,27385507
63,101,1.00,1,32,1,4,1,16,68812234,69489024
79,125,1.00,1,32,1,64,1,16,44640957,45116831
63,96,1.00,1,32,1,64,1,16,32007509,31326729
17,19,1.00,3,448,1,32,1,16,20380526,27385507
76,120,1.00,1,64,1,4,1,16,69485103,70112141
11,14,1.00,1,64,1,1024,1,16,14277173,13987134
79,109,1.00,1,128,1,32,1,65536,10927527,10828987
85,107,1.00,1,16384,1,2048,1,64,88322148,87832413
33,68,1.00,1,16384,1,512,1,16,64838654,64611489
90,105,1.00,1,32768,1,2,1,256,72466598,72997080
93,185,1.00,1,65536,1,32768,1,256,47406304,47442424
17,18,1.00,1,65536,1,8,1,256,1615301,1233911
